user,item,rank
196,100,1
196,275,2
196,14,3
196,137,4
196,283,5
196,83,6
196,50,7
196,216,8
196,301,9
196,408,10
186,245,1
186,328,2
186,282,3
186,748,4
186,323,5
186,597,6
186,471,7
186,678,8
186,685,9
186,125,10
22,82,1
22,1,2
22,95,3
22,576,4
22,56,5
22,183,6
22,797,7
22,748,8
22,391,9
22,67,10
244,12,1
244,423,2
244,11,3
244,405,4
244,4,5
244,98,6
244,25,7
244,282,8
244,402,9
244,15,10
166,326,1
166,333,2
166,245,3
166,302,4
166,269,5
166,690,6
166,879,7
166,332,8
166,678,9
166,307,10
298,191,1
298,15,2
298,173,3
298,222,4
298,95,5
298,100,6
298,480,7
298,135,8
298,82,9
298,520,10
115,276,1
115,129,2
115,288,3
115,182,4
115,64,5
115,1,6
115,238,7
115,286,8
115,180,9
115,318,10
253,174,1
253,181,2
253,172,3
253,204,4
253,195,5
253,69,6
253,258,7
253,135,8
253,28,9
253,423,10
305,4,1
305,213,2
305,603,3
305,22,4
305,182,5
305,514,6
305,55,7
305,381,8
305,58,9
305,32,10
6,181,1
6,654,2
6,603,3
6,705,4
6,172,5
6,300,6
6,657,7
6,604,8
6,661,9
6,319,10
62,25,1
62,11,2
62,202,3
62,58,4
62,175,5
62,42,6
62,79,7
62,640,8
62,186,9
62,161,10
286,71,1
286,294,2
286,94,3
286,313,4
286,716,5
286,302,6
286,222,7
286,12,8
286,246,9
286,65,10
200,181,1
200,403,2
200,97,3
200,252,4
200,566,5
200,237,6
200,550,7
200,471,8
200,168,9
200,274,10
210,82,1
210,191,2
210,95,3
210,496,4
210,143,5
210,183,6
210,196,7
210,194,8
210,228,9
210,100,10
224,471,1
224,58,2
224,288,3
224,735,4
224,651,5
224,315,6
224,690,7
224,742,8
224,289,9
224,317,10
303,710,1
303,1074,2
303,154,3
303,217,4
303,188,5
303,108,6
303,732,7
303,781,8
303,407,9
303,301,10
122,655,1
122,97,2
122,52,3
122,318,4
122,170,5
122,196,6
122,216,7
122,514,8
122,98,9
122,179,10
194,176,1
194,96,2
194,233,3
194,480,4
194,684,5
194,378,6
194,729,7
194,506,8
194,468,9
194,48,10
291,559,1
291,42,2
291,68,3
291,233,4
291,217,5
291,1095,6
291,161,7
291,29,8
291,452,9
291,959,10
234,514,1
234,633,2
234,58,3
234,509,4
234,203,5
234,275,6
234,684,7
234,969,8
234,65,9
234,529,10
119,1,1
119,748,2
119,127,3
119,284,4
119,273,5
119,302,6
119,476,7
119,151,8
119,148,9
119,118,10
167,428,1
167,175,2
167,174,3
167,168,4
167,423,5
167,211,6
167,186,7
167,393,8
167,135,9
167,194,10
299,189,1
299,116,2
299,269,3
299,707,4
299,428,5
299,172,6
299,382,7
299,258,8
299,268,9
299,42,10
308,474,1
308,173,2
308,478,3
308,527,4
308,228,5
308,631,6
308,188,7
308,222,8
308,647,9
308,136,10
95,230,1
95,435,2
95,732,3
95,56,4
95,318,5
95,231,6
95,380,7
95,755,8
95,501,9
95,222,10
38,181,1
38,121,2
38,50,3
38,172,4
38,210,5
38,63,6
38,228,7
38,229,8
38,174,9
38,230,10
102,250,1
102,22,2
102,257,3
102,679,4
102,145,5
102,451,6
102,452,7
102,323,8
102,423,9
102,678,10
63,275,1
63,151,2
63,7,3
63,124,4
63,9,5
63,117,6
63,319,7
63,125,8
63,129,9
63,221,10
160,121,1
160,181,2
160,98,3
160,222,4
160,235,5
160,12,6
160,238,7
160,919,8
160,176,9
160,180,10
50,129,1
50,7,2
50,237,3
50,258,4
50,285,5
50,221,6
50,93,7
50,302,8
50,293,9
50,333,10
301,238,1
301,188,2
301,135,3
301,234,4
301,55,5
301,209,6
301,432,7
301,257,8
301,679,9
301,72,10
225,174,1
225,496,2
225,483,3
225,69,4
225,50,5
225,199,6
225,135,7
225,435,8
225,132,9
225,197,10
290,195,1
290,79,2
290,96,3
290,173,4
290,186,5
290,501,6
290,225,7
290,215,8
290,451,9
290,597,10
97,474,1
97,483,2
97,181,3
97,176,4
97,56,5
97,185,6
97,180,7
97,511,8
97,211,9
97,210,10
157,257,1
157,121,2
157,7,3
157,237,4
157,181,5
157,294,6
157,288,7
157,248,8
157,742,9
157,222,10
181,277,1
181,295,2
181,535,3
181,244,4
181,293,5
181,309,6
181,246,7
181,298,8
181,255,9
181,1283,10
278,300,1
278,690,2
278,272,3
278,303,4
278,750,5
278,310,6
278,345,7
278,316,8
278,340,9
278,328,10
276,895,1
276,216,2
276,264,3
276,642,4
276,90,5
276,93,6
276,155,7
276,1014,8
276,810,9
276,129,10
7,218,1
7,1,2
7,708,3
7,209,4
7,95,5
7,684,6
7,705,7
7,969,8
7,222,9
7,1065,10
10,514,1
10,318,2
10,187,3
10,204,4
10,79,5
10,172,6
10,423,7
10,427,8
10,8,9
10,735,10
284,326,1
284,331,2
284,311,3
284,327,4
284,316,5
284,312,6
284,271,7
284,288,8
284,879,9
284,294,10
201,5,1
201,214,2
201,246,3
201,569,4
201,433,5
201,1101,6
201,159,7
201,1109,8
201,327,9
201,135,10
287,288,1
287,7,2
287,258,3
287,475,4
287,12,5
287,273,6
287,405,7
287,24,8
287,127,9
287,150,10
246,405,1
246,7,2
246,79,3
246,546,4
246,168,5
246,183,6
246,222,7
246,217,8
246,218,9
246,229,10
242,286,1
242,258,2
242,276,3
242,322,4
242,125,5
242,300,6
242,287,7
242,289,8
242,126,9
242,304,10
249,475,1
249,288,2
249,204,3
249,127,4
249,151,5
249,276,6
249,111,7
249,25,8
249,508,9
249,150,10
99,222,1
99,333,2
99,24,3
99,257,4
99,96,5
99,127,6
99,302,7
99,298,8
99,235,9
99,286,10
178,182,1
178,357,2
178,151,3
178,4,4
178,132,5
178,191,6
178,307,7
178,301,8
178,815,9
178,327,10
251,127,1
251,174,2
251,98,3
251,276,4
251,56,5
251,195,6
251,9,7
251,96,8
251,546,9
251,25,10
81,117,1
81,50,2
81,15,3
81,181,4
81,125,5
81,546,6
81,235,7
81,9,8
81,597,9
81,845,10
260,331,1
260,690,2
260,328,3
260,269,4
260,332,5
260,302,6
260,750,7
260,879,8
260,305,9
260,689,10
25,483,1
25,172,2
25,168,3
25,496,4
25,132,5
25,194,6
25,191,7
25,210,8
25,199,9
25,423,10
59,530,1
59,222,2
59,117,3
59,8,4
59,214,5
59,471,6
59,275,7
59,213,8
59,192,9
59,178,10
72,183,1
72,22,2
72,216,3
72,186,4
72,11,5
72,483,6
72,4,7
72,202,8
72,185,9
72,132,10
87,168,1
87,69,2
87,117,3
87,1,4
87,636,5
87,227,6
87,391,7
87,265,8
87,763,9
87,474,10
42,393,1
42,117,2
42,56,3
42,186,4
42,378,5
42,133,6
42,22,7
42,94,8
42,465,9
42,699,10
292,172,1
292,89,2
292,23,3
292,185,4
292,480,5
292,474,6
292,121,7
292,134,8
292,286,9
292,258,10
20,117,1
20,237,2
20,125,3
20,222,4
20,100,5
20,294,6
20,204,7
20,127,8
20,25,9
20,79,10
13,250,1
13,648,2
13,257,3
13,259,4
13,486,5
13,1065,6
13,134,7
13,947,8
13,133,9
13,1316,10
138,174,1
138,50,2
138,286,3
138,127,4
138,480,5
138,197,6
138,275,7
138,191,8
138,7,9
138,479,10
60,191,1
60,520,2
60,504,3
60,481,4
60,432,5
60,663,6
60,521,7
60,187,8
60,238,9
60,530,10
57,118,1
57,742,2
57,25,3
57,147,4
57,276,5
57,273,6
57,685,7
57,235,8
57,122,9
57,123,10
223,15,1
223,181,2
223,50,3
223,245,4
223,471,5
223,748,6
223,678,7
223,222,8
223,685,9
223,1047,10
189,514,1
189,515,2
189,213,3
189,427,4
189,285,5
189,286,6
189,168,7
189,153,8
189,509,9
189,478,10
243,70,1
243,100,2
243,276,3
243,381,4
243,170,5
243,9,6
243,462,7
243,707,8
243,213,9
243,58,10
92,151,1
92,70,2
92,550,3
92,97,4
92,127,5
92,298,6
92,472,7
92,3,8
92,380,9
92,188,10
241,258,1
241,328,2
241,333,3
241,331,4
241,327,5
241,326,6
241,269,7
241,271,8
241,748,9
241,895,10
254,95,1
254,404,2
254,161,3
254,402,4
254,63,5
254,633,6
254,215,7
254,420,8
254,173,9
254,495,10
293,385,1
293,58,2
293,197,3
293,42,4
293,318,5
293,735,6
293,475,7
293,191,8
293,9,9
293,276,10
127,313,1
127,181,2
127,328,3
127,751,4
127,323,5
127,333,6
127,678,7
127,79,8
127,326,9
127,172,10
222,720,1
222,143,2
222,5,3
222,1210,4
222,55,5
222,1028,6
222,684,7
222,930,8
222,42,9
222,447,10
267,96,1
267,181,2
267,79,3
267,4,4
267,11,5
267,234,6
267,184,7
267,636,8
267,154,9
267,232,10
11,202,1
11,294,2
11,50,3
11,210,4
11,582,5
11,174,6
11,4,7
11,655,8
11,82,9
11,181,10
8,300,1
8,748,2
8,288,3
8,271,4
8,328,5
8,751,6
8,230,7
8,879,8
8,333,9
8,173,10
162,100,1
162,56,2
162,405,3
162,288,4
162,273,5
162,546,6
162,257,7
162,96,8
162,24,9
162,475,10
279,72,1
279,369,2
279,3,3
279,49,4
279,473,5
279,194,6
279,1074,7
279,1188,8
279,648,9
279,206,10
145,288,1
145,748,2
145,295,3
145,326,4
145,147,5
145,1016,6
145,307,7
145,475,8
145,245,9
145,508,10
28,183,1
28,181,2
28,172,3
28,210,4
28,559,5
28,82,6
28,22,7
28,69,8
28,127,9
28,121,10
135,11,1
135,96,2
135,182,3
135,53,4
135,195,5
135,174,6
135,218,7
135,22,8
135,7,9
135,92,10
32,258,1
32,121,2
32,1,3
32,127,4
32,237,5
32,748,6
32,300,7
32,546,8
32,286,9
32,282,10
90,487,1
90,513,2
90,582,3
90,504,4
90,283,5
90,238,6
90,58,7
90,492,8
90,319,9
90,381,10
216,121,1
216,288,2
216,117,3
216,410,4
216,111,5
216,273,6
216,96,7
216,216,8
216,173,9
216,240,10
250,172,1
250,286,2
250,176,3
250,257,4
250,300,5
250,121,6
250,79,7
250,289,8
250,358,9
250,268,10
271,483,1
271,86,2
271,14,3
271,736,4
271,143,5
271,82,6
271,151,7
271,71,8
271,66,9
271,213,10
265,121,1
265,405,2
265,276,3
265,286,4
265,322,5
265,222,6
265,9,7
265,127,8
265,546,9
265,255,10
198,12,1
198,144,2
198,22,3
198,273,4
198,28,5
198,9,6
198,288,7
198,202,8
198,483,9
198,546,10
168,237,1
168,50,2
168,471,3
168,111,4
168,756,5
168,245,6
168,147,7
168,815,8
168,591,9
168,476,10
110,328,1
110,210,2
110,720,3
110,62,4
110,4,5
110,53,6
110,302,7
110,227,8
110,172,9
110,399,10
58,129,1
58,286,2
58,14,3
58,93,4
58,479,5
58,285,6
58,302,7
58,276,8
58,179,9
58,919,10
237,174,1
237,511,2
237,135,3
237,480,4
237,194,5
237,50,6
237,654,7
237,168,8
237,482,9
237,435,10
94,239,1
94,95,2
94,2,3
94,117,4
94,231,5
94,237,6
94,73,7
94,747,8
94,578,9
94,65,10
128,318,1
128,699,2
128,88,3
128,286,4
128,724,5
128,162,6
128,735,7
128,125,8
128,357,9
128,22,10
44,210,1
44,79,2
44,183,3
44,234,4
44,28,5
44,117,6
44,186,7
44,265,8
44,403,9
44,568,10
264,50,1
264,174,2
264,428,3
264,79,4
264,212,5
264,176,6
264,83,7
264,396,8
264,172,9
264,129,10
41,172,1
41,79,2
41,204,3
41,210,4
41,483,5
41,64,6
41,183,7
41,89,8
41,197,9
41,176,10
82,117,1
82,98,2
82,515,3
82,132,4
82,427,5
82,742,6
82,95,7
82,172,8
82,498,9
82,845,10
262,173,1
262,196,2
262,739,3
262,215,4
262,151,5
262,202,6
262,117,7
262,25,8
262,313,9
262,97,10
174,25,1
174,121,2
174,815,3
174,367,4
174,275,5
174,732,6
174,294,7
174,313,8
174,411,9
174,405,10
43,255,1
43,125,2
43,419,3
43,22,4
43,288,5
43,99,6
43,739,7
43,655,8
43,282,9
43,451,10
84,50,1
84,181,2
84,9,3
84,125,4
84,471,5
84,127,6
84,118,7
84,275,8
84,174,9
84,283,10
269,12,1
269,4,2
269,223,3
269,32,4
269,144,5
269,443,6
269,164,7
269,461,8
269,215,9
269,91,10
259,50,1
259,100,2
259,56,3
259,7,4
259,174,5
259,258,6
259,237,7
259,204,8
259,1,9
259,127,10
85,183,1
85,1,2
85,131,3
85,603,4
85,47,5
85,202,6
85,151,7
85,285,8
85,699,9
85,137,10
213,237,1
213,96,2
213,183,3
213,9,4
213,742,5
213,89,6
213,423,7
213,276,8
213,15,9
213,22,10
121,286,1
121,258,2
121,7,3
121,285,4
121,15,5
121,13,6
121,283,7
121,70,8
121,111,9
121,288,10
49,288,1
49,83,2
49,24,3
49,150,4
49,421,5
49,109,6
49,246,7
49,210,8
49,250,9
49,222,10
155,258,1
155,322,2
155,690,3
155,269,4
155,302,5
155,333,6
155,313,7
155,301,8
155,289,9
155,678,10
68,1,1
68,100,2
68,294,3
68,15,4
68,222,5
68,257,6
68,151,7
68,546,8
68,300,9
68,597,10
172,174,1
172,479,2
172,654,3
172,100,4
172,98,5
172,498,6
172,199,7
172,504,8
172,521,9
172,194,10
19,286,1
19,100,2
19,50,3
19,269,4
19,300,5
19,302,6
19,181,7
19,56,8
19,98,9
19,127,10
268,202,1
268,431,2
268,109,3
268,175,4
268,22,5
268,919,6
268,367,7
268,28,8
268,797,9
268,451,10
5,82,1
5,217,2
5,559,3
5,202,4
5,91,5
5,184,6
5,588,7
5,67,8
5,679,9
5,567,10
80,286,1
80,174,2
80,258,3
80,98,4
80,127,5
80,318,6
80,197,7
80,313,8
80,302,9
80,56,10
66,100,1
66,118,2
66,125,3
66,276,4
66,111,5
66,222,6
66,546,7
66,273,8
66,748,9
66,147,10
18,173,1
18,655,2
18,59,3
18,511,4
18,648,5
18,499,6
18,507,7
18,584,8
18,1101,9
18,521,10
26,245,1
26,273,2
26,147,3
26,411,4
26,472,5
26,289,6
26,124,7
26,1047,8
26,275,9
26,281,10
130,273,1
130,164,2
130,576,3
130,260,4
130,977,5
130,265,6
130,92,7
130,559,8
130,628,9
130,431,10
256,148,1
256,717,2
256,1049,3
256,69,4
256,281,5
256,258,6
256,619,7
256,273,8
256,111,9
256,468,10
1,423,1
1,475,2
1,432,3
1,408,4
1,582,5
1,276,6
1,546,7
1,357,8
1,318,9
1,367,10
56,739,1
56,257,2
56,2,3
56,217,4
56,72,5
56,208,6
56,419,7
56,4,8
56,367,9
56,722,10
15,294,1
15,117,2
15,313,3
15,126,4
15,304,5
15,245,6
15,100,7
15,740,8
15,988,9
15,276,10
207,50,1
207,274,2
207,405,3
207,124,4
207,7,5
207,275,6
207,732,7
207,1,8
207,283,9
207,66,10
232,174,1
232,258,2
232,135,3
232,12,4
232,300,5
232,153,6
232,238,7
232,70,8
232,285,9
232,511,10
52,1,1
52,286,2
52,50,3
52,276,4
52,283,5
52,181,6
52,125,7
52,14,8
52,127,9
52,9,10
161,1,1
161,300,2
161,275,3
161,258,4
161,172,5
161,313,6
161,357,7
161,603,8
161,515,9
161,199,10
148,176,1
148,210,2
148,208,3
148,195,4
148,183,5
148,423,6
148,121,7
148,483,8
148,419,9
148,95,10
125,154,1
125,514,2
125,259,3
125,419,4
125,4,5
125,257,6
125,517,7
125,108,8
125,418,9
125,502,10
83,237,1
83,202,2
83,742,3
83,451,4
83,402,5
83,934,6
83,257,7
83,222,8
83,282,9
83,172,10
272,182,1
272,100,2
272,64,3
272,195,4
272,168,5
272,318,6
272,603,7
272,176,8
272,179,9
272,181,10
151,283,1
151,479,2
151,180,3
151,527,4
151,708,5
151,71,6
151,237,7
151,8,8
151,179,9
151,285,10
54,294,1
54,298,2
54,300,3
54,222,4
54,282,5
54,125,6
54,271,7
54,249,8
54,323,9
54,248,10
16,50,1
16,181,2
16,210,3
16,173,4
16,186,5
16,238,6
16,153,7
16,187,8
16,97,9
16,132,10
91,199,1
91,258,2
91,661,3
91,604,4
91,496,5
91,286,6
91,185,7
91,194,8
91,197,9
91,419,10
294,685,1
294,302,2
294,150,3
294,628,4
294,763,5
294,289,6
294,591,7
294,326,8
294,9,9
294,820,10
229,690,1
229,301,2
229,326,3
229,310,4
229,333,5
229,294,6
229,332,7
229,327,8
229,271,9
229,307,10
36,300,1
36,690,2
36,326,3
36,327,4
36,258,5
36,938,6
36,331,7
36,328,8
36,302,9
36,305,10
70,195,1
70,153,2
70,154,3
70,258,4
70,294,5
70,144,6
70,385,7
70,22,8
70,98,9
70,465,10
14,1,1
14,137,2
14,286,3
14,208,4
14,483,5
14,170,6
14,129,7
14,194,8
14,529,9
14,153,10
295,393,1
295,432,2
295,28,3
295,568,4
295,135,5
295,211,6
295,732,7
295,418,8
295,239,9
295,58,10
233,132,1
233,172,2
233,181,3
233,15,4
233,28,5
233,496,6
233,655,7
233,479,8
233,237,9
233,238,10
214,98,1
214,286,2
214,258,3
214,124,4
214,150,5
214,153,6
214,129,7
214,183,8
214,514,9
214,204,10
192,286,1
192,1,2
192,288,3
192,300,4
192,237,5
192,294,6
192,181,7
192,275,8
192,268,9
192,117,10
100,331,1
100,332,2
100,312,3
100,327,4
100,307,5
100,303,6
100,301,7
100,305,8
100,311,9
100,346,10
307,208,1
307,202,2
307,432,3
307,191,4
307,216,5
307,95,6
307,176,7
307,98,8
307,211,9
307,238,10
297,172,1
297,121,2
297,127,3
297,96,4
297,276,5
297,405,6
297,179,7
297,64,8
297,9,9
297,313,10
193,50,1
193,748,2
193,181,3
193,204,4
193,315,5
193,66,6
193,302,7
193,88,8
193,172,9
193,568,10
113,748,1
113,302,2
113,358,3
113,276,4
113,269,5
113,475,6
113,301,7
113,1,8
113,264,9
113,313,10
275,172,1
275,82,2
275,195,3
275,403,4
275,161,5
275,204,6
275,168,7
275,79,8
275,385,9
275,97,10
219,50,1
219,286,2
219,174,3
219,181,4
219,302,5
219,313,6
219,100,7
219,300,8
219,191,9
219,98,10
218,174,1
218,79,2
218,182,3
218,238,4
218,50,5
218,172,6
218,89,7
218,234,8
218,210,9
218,179,10
123,174,1
123,191,2
123,603,3
123,170,4
123,318,5
123,194,6
123,269,7
123,213,8
123,357,9
123,654,10
158,12,1
158,405,2
158,515,3
158,98,4
158,237,5
158,597,6
158,265,7
158,290,8
158,153,9
158,33,10
302,300,1
302,286,2
302,288,3
302,326,4
302,313,5
302,269,6
302,690,7
302,678,8
302,302,9
302,332,10
23,168,1
23,210,2
23,135,3
23,186,4
23,208,5
23,69,6
23,179,7
23,121,8
23,197,9
23,474,10
296,174,1
296,283,2
296,302,3
296,300,4
296,116,5
296,603,6
296,479,7
296,129,8
296,12,9
296,288,10
33,326,1
33,748,2
33,690,3
33,286,4
33,322,5
33,332,6
33,302,7
33,331,8
33,327,9
33,358,10
154,100,1
154,98,2
154,56,3
154,603,4
154,514,5
154,127,6
154,483,7
154,23,8
154,269,9
154,181,10
77,7,1
77,204,2
77,79,3
77,186,4
77,135,5
77,180,6
77,12,7
77,423,8
77,64,9
77,182,10
270,100,1
270,276,2
270,294,3
270,11,4
270,12,5
270,117,6
270,1,7
270,396,8
270,561,9
270,313,10
187,174,1
187,172,2
187,50,3
187,238,4
187,98,5
187,170,6
187,318,7
187,514,8
187,655,9
187,286,10
170,748,1
170,332,2
170,682,3
170,879,4
170,313,5
170,331,6
170,307,7
170,243,8
170,358,9
170,286,10
101,15,1
101,685,2
101,25,3
101,410,4
101,871,5
101,274,6
101,240,7
101,866,8
101,294,9
101,864,10
184,8,1
184,204,2
184,135,3
184,111,4
184,133,5
184,179,6
184,162,7
184,234,8
184,28,9
184,83,10
112,326,1
112,340,2
112,288,3
112,271,4
112,311,5
112,344,6
112,270,7
112,895,8
112,682,9
112,292,10
133,302,1
133,690,2
133,748,3
133,347,4
133,326,5
133,340,6
133,288,7
133,323,8
133,333,9
133,331,10
215,79,1
215,69,2
215,173,3
215,96,4
215,135,5
215,97,6
215,655,7
215,153,8
215,161,9
215,318,10
69,276,1
69,286,2
69,127,3
69,121,4
69,327,5
69,293,6
69,346,7
69,257,8
69,249,9
69,271,10
104,1,1
104,298,2
104,742,3
104,323,4
104,125,5
104,322,6
104,315,7
104,275,8
104,326,9
104,815,10
240,258,1
240,328,2
240,294,3
240,333,4
240,271,5
240,690,6
240,326,7
240,323,8
240,268,9
240,315,10
144,111,1
144,275,2
144,283,3
144,121,4
144,79,5
144,255,6
144,25,7
144,13,8
144,628,9
144,210,10
191,347,1
191,258,2
191,690,3
191,310,4
191,346,5
191,344,6
191,303,7
191,333,8
191,305,9
191,326,10
61,313,1
61,326,2
61,332,3
61,302,4
61,288,5
61,322,6
61,750,7
61,286,8
61,315,9
61,272,10
142,258,1
142,50,2
142,313,3
142,300,4
142,269,5
142,302,6
142,286,7
142,271,8
142,100,9
142,751,10
177,286,1
177,269,2
177,357,3
177,328,4
177,273,5
177,325,6
177,222,7
177,117,8
177,234,9
177,655,10
203,121,1
203,286,2
203,300,3
203,328,4
203,405,5
203,125,6
203,245,7
203,15,8
203,118,9
203,313,10
21,682,1
21,895,2
21,769,3
21,331,4
21,667,5
21,334,6
21,181,7
21,455,8
21,307,9
21,333,10
197,269,1
197,327,2
197,315,3
197,331,4
197,12,5
197,350,6
197,260,7
197,554,8
197,689,9
197,358,10
134,288,1
134,333,2
134,245,3
134,322,4
134,690,5
134,332,6
134,289,7
134,272,8
134,271,9
134,307,10
180,70,1
180,42,2
180,88,3
180,174,4
180,172,5
180,98,6
180,97,7
180,402,8
180,238,9
180,393,10
236,1,1
236,125,2
236,121,3
236,276,4
236,471,5
236,357,6
236,527,7
236,197,8
236,118,9
236,162,10
263,172,1
263,191,2
263,485,3
263,286,4
263,187,5
263,427,6
263,211,7
263,705,8
263,604,9
263,71,10
109,685,1
109,240,2
109,38,3
109,235,4
109,153,5
109,554,6
109,217,7
109,2,8
109,132,9
109,219,10
64,204,1
64,357,2
64,286,3
64,483,4
64,432,5
64,474,6
64,180,7
64,117,8
64,227,9
64,208,10
114,174,1
114,514,2
114,511,3
114,480,4
114,603,5
114,180,6
114,134,7
114,187,8
114,479,9
114,23,10
239,199,1
239,23,2
239,480,3
239,661,4
239,197,5
239,357,6
239,435,7
239,657,8
239,191,9
239,170,10
117,100,1
117,118,2
117,250,3
117,24,4
117,273,5
117,294,6
117,685,7
117,147,8
117,235,9
117,122,10
65,204,1
65,174,2
65,181,3
65,172,4
65,286,5
65,58,6
65,86,7
65,79,8
65,143,9
65,71,10
137,258,1
137,294,2
137,288,3
137,7,4
137,100,5
137,127,6
137,323,7
137,742,8
137,271,9
137,328,10
257,283,1
257,13,2
257,19,3
257,124,4
257,319,5
257,93,6
257,287,7
257,306,8
257,20,9
257,251,10
111,300,1
111,690,2
111,750,3
111,310,4
111,306,5
111,347,6
111,332,7
111,316,8
111,327,9
111,751,10
285,50,1
285,294,2
285,181,3
285,127,4
285,7,5
285,56,6
285,748,7
285,174,8
285,1,9
285,268,10
96,172,1
96,168,2
96,204,3
96,135,4
96,357,5
96,180,6
96,69,7
96,603,8
96,186,9
96,210,10
116,327,1
116,245,2
116,886,3
116,752,4
116,100,5
116,475,6
116,334,7
116,689,8
116,305,9
116,316,10
73,174,1
73,50,2
73,172,3
73,168,4
73,181,5
73,258,6
73,98,7
73,302,8
73,191,9
73,79,10
221,11,1
221,195,2
221,68,3
221,226,4
221,168,5
221,182,6
221,22,7
221,693,8
221,147,9
221,233,10
235,286,1
235,514,2
235,302,3
235,168,4
235,357,5
235,258,6
235,127,7
235,172,8
235,199,9
235,313,10
164,294,1
164,288,2
164,546,3
164,1,4
164,50,5
164,257,6
164,879,7
164,15,8
164,295,9
164,591,10
281,328,1
281,313,2
281,286,3
281,269,4
281,879,5
281,302,6
281,245,7
281,307,8
281,678,9
281,327,10
182,117,1
182,276,2
182,127,3
182,7,4
182,151,5
182,118,6
182,25,7
182,9,8
182,174,9
182,125,10
129,690,1
129,750,2
129,315,3
129,301,4
129,326,5
129,306,6
129,328,7
129,340,8
129,347,9
129,332,10
45,405,1
45,117,2
45,125,3
45,1028,4
45,222,5
45,1047,6
45,546,7
45,274,8
45,235,9
45,410,10
131,283,1
131,237,2
131,116,3
131,258,4
131,319,5
131,13,6
131,303,7
131,475,8
131,301,9
131,268,10
230,133,1
230,318,2
230,215,3
230,483,4
230,191,5
230,118,6
230,151,7
230,136,8
230,193,9
230,655,10
126,269,1
126,347,2
126,331,3
126,750,4
126,301,5
126,305,6
126,307,7
126,895,8
126,879,9
126,748,10
231,117,1
231,237,2
231,294,3
231,118,4
231,125,5
231,258,6
231,100,7
231,742,8
231,111,9
231,257,10
280,121,1
280,97,2
280,15,3
280,196,4
280,51,5
280,356,6
280,64,7
280,28,8
280,385,9
280,164,10
288,181,1
288,302,2
288,483,3
288,187,4
288,79,5
288,603,6
288,275,7
288,135,8
288,183,9
288,9,10
152,70,1
152,118,2
152,1,3
152,216,4
152,815,5
152,476,6
152,722,7
152,202,8
152,732,9
152,405,10
217,227,1
217,161,2
217,228,3
217,230,4
217,229,5
217,184,6
217,265,7
217,431,8
217,232,9
217,294,10
79,302,1
79,14,2
79,475,3
79,221,4
79,242,5
79,300,6
79,289,7
79,297,8
79,7,9
79,129,10
75,7,1
75,50,2
75,181,3
75,15,4
75,257,5
75,288,6
75,763,7
75,274,8
75,276,9
75,282,10
245,1,1
245,121,2
245,118,3
245,405,4
245,117,5
245,15,6
245,294,7
245,125,8
245,25,9
245,742,10
282,286,1
282,313,2
282,328,3
282,301,4
282,748,5
282,272,6
282,751,7
282,326,8
282,346,9
282,289,10
78,258,1
78,300,2
78,286,3
78,1,4
78,111,5
78,237,6
78,50,7
78,181,8
78,121,9
78,748,10
118,183,1
118,219,2
118,182,3
118,50,4
118,447,5
118,89,6
118,448,7
118,11,8
118,12,9
118,665,10
283,1,1
283,121,2
283,181,3
283,25,4
283,405,5
283,222,6
283,174,7
283,235,8
283,7,9
283,111,10
171,300,1
171,301,2
171,347,3
171,750,4
171,328,5
171,333,6
171,271,7
171,332,8
171,316,9
171,331,10
107,328,1
107,690,2
107,272,3
107,326,4
107,332,5
107,301,6
107,347,7
107,750,8
107,315,9
107,331,10
226,100,1
226,50,2
226,181,3
226,1,4
226,276,5
226,127,6
226,151,7
226,475,8
226,222,9
226,124,10
306,237,1
306,276,2
306,137,3
306,1,4
306,294,5
306,124,6
306,7,7
306,15,8
306,288,9
306,9,10
173,288,1
173,333,2
173,748,3
173,873,4
173,307,5
173,682,6
173,292,7
173,340,8
173,313,9
173,358,10
185,100,1
185,98,2
185,174,3
185,191,4
185,194,5
185,14,6
185,511,7
185,69,8
185,483,9
185,479,10
150,7,1
150,237,2
150,117,3
150,286,4
150,258,5
150,111,6
150,9,7
150,25,8
150,508,9
150,137,10
274,121,1
274,151,2
274,286,3
274,283,4
274,222,5
274,127,6
274,322,7
274,323,8
274,284,9
274,257,10
188,117,1
188,183,2
188,423,3
188,82,4
188,172,5
188,9,6
188,282,7
188,15,8
188,132,9
188,215,10
48,197,1
48,135,2
48,199,3
48,300,4
48,435,5
48,258,6
48,474,7
48,514,8
48,520,9
48,205,10
311,435,1
311,427,2
311,162,3
311,95,4
311,286,5
311,2,6
311,182,7
311,29,8
311,736,9
311,4,10
165,50,1
165,300,2
165,286,3
165,294,4
165,172,5
165,1,6
165,100,7
165,98,8
165,269,9
165,268,10
208,451,1
208,174,2
208,191,3
208,168,4
208,153,5
208,210,6
208,173,7
208,732,8
208,82,9
208,238,10
2,319,1
2,328,2
2,748,3
2,322,4
2,137,5
2,245,6
2,321,7
2,323,8
2,15,9
2,124,10
205,288,1
205,302,2
205,245,3
205,323,4
205,301,5
205,690,6
205,307,7
205,332,8
205,327,9
205,331,10
248,56,1
248,288,2
248,195,3
248,258,4
248,222,5
248,121,6
248,12,7
248,273,8
248,173,9
248,23,10
93,237,1
93,50,2
93,100,3
93,117,4
93,181,5
93,111,6
93,405,7
93,25,8
93,294,9
93,274,10
159,1,1
159,181,2
159,1047,3
159,257,4
159,300,5
159,282,6
159,50,7
159,763,8
159,926,9
159,278,10
146,690,1
146,303,2
146,750,3
146,305,4
146,333,5
146,332,6
146,326,7
146,268,8
146,316,9
146,751,10
29,258,1
29,313,2
29,288,3
29,50,4
29,328,5
29,301,6
29,271,7
29,289,8
29,340,9
29,751,10
156,174,1
156,56,2
156,98,3
156,23,4
156,182,5
156,135,6
156,69,7
156,172,8
156,483,9
156,179,10
37,181,1
37,1,2
37,228,3
37,227,4
37,184,5
37,294,6
37,144,7
37,576,8
37,2,9
37,455,10
141,685,1
141,411,2
141,111,3
141,1016,4
141,595,5
141,273,6
141,845,7
141,628,8
141,763,9
141,9,10
195,79,1
195,50,2
195,168,3
195,269,4
195,294,5
195,210,6
195,222,7
195,288,8
195,56,9
195,96,10
108,286,1
108,258,2
108,117,3
108,276,4
108,283,5
108,151,6
108,25,7
108,9,8
108,288,9
108,257,10
47,300,1
47,313,2
47,690,3
47,333,4
47,328,5
47,326,6
47,294,7
47,272,8
47,319,9
47,310,10
255,50,1
255,358,2
255,181,3
255,379,4
255,742,5
255,928,6
255,250,7
255,769,8
255,164,9
255,260,10
89,70,1
89,286,2
89,285,3
89,116,4
89,258,5
89,276,6
89,274,7
89,125,8
89,476,9
89,287,10
140,300,1
140,328,2
140,333,3
140,269,4
140,326,5
140,323,6
140,748,7
140,327,8
140,313,9
140,690,10
190,323,1
190,322,2
190,286,3
190,307,4
190,879,5
190,181,6
190,50,7
190,1,8
190,678,9
190,271,10
24,50,1
24,181,2
24,1,3
24,174,4
24,204,5
24,172,6
24,268,7
24,28,8
24,70,9
24,22,10
17,50,1
17,258,2
17,288,3
17,181,4
17,127,5
17,121,6
17,15,7
17,25,8
17,257,9
17,275,10
313,196,1
313,173,2
313,429,3
313,227,4
313,510,5
313,705,6
313,294,7
313,528,8
313,451,9
313,188,10
53,1,1
53,117,2
53,405,3
53,127,4
53,237,5
53,222,6
53,98,7
53,294,8
53,56,9
53,288,10
124,181,1
124,56,2
124,204,3
124,100,4
124,210,5
124,183,6
124,89,7
124,176,8
124,186,9
124,153,10
149,690,1
149,288,2
149,306,3
149,332,4
149,347,5
149,750,6
149,289,7
149,322,8
149,315,9
149,307,10
176,302,1
176,269,2
176,124,3
176,300,4
176,301,5
176,276,6
176,333,7
176,346,8
176,127,9
176,313,10
106,283,1
106,237,2
106,83,3
106,204,4
106,174,5
106,98,6
106,111,7
106,276,8
106,736,9
106,215,10
312,492,1
312,135,2
312,168,3
312,497,4
312,504,5
312,523,6
312,517,7
312,193,8
312,127,9
312,203,10
175,174,1
175,69,2
175,79,3
175,181,4
175,204,5
175,423,6
175,210,7
175,1,8
175,22,9
175,168,10
153,258,1
153,300,2
153,288,3
153,286,4
153,100,5
153,98,6
153,748,7
153,313,8
153,328,9
153,117,10
220,302,1
220,328,2
220,327,3
220,313,4
220,690,5
220,326,6
220,748,7
220,321,8
220,307,9
220,322,10
143,300,1
143,245,2
143,302,3
143,332,4
143,748,5
143,301,6
143,269,7
143,750,8
143,310,9
143,879,10
199,288,1
199,289,2
199,748,3
199,300,4
199,319,5
199,321,6
199,304,7
199,245,8
199,257,9
199,333,10
202,50,1
202,174,2
202,100,3
202,181,4
202,98,5
202,127,6
202,483,7
202,300,8
202,197,9
202,275,10
277,125,1
277,288,2
277,118,3
277,475,4
277,845,5
277,294,6
277,222,7
277,410,8
277,127,9
277,13,10
206,331,1
206,302,2
206,344,3
206,306,4
206,305,5
206,327,6
206,350,7
206,328,8
206,938,9
206,307,10
76,475,1
76,171,2
76,302,3
76,273,4
76,55,5
76,268,6
76,461,7
76,174,8
76,179,9
76,11,10
314,975,1
314,553,2
314,471,3
314,369,4
314,356,5
314,928,6
314,755,7
314,732,8
314,118,9
314,51,10
136,50,1
136,285,2
136,7,3
136,181,4
136,1,5
136,13,6
136,111,7
136,12,8
136,302,9
136,294,10
179,344,1
179,332,2
179,689,3
179,312,4
179,328,5
179,898,6
179,326,7
179,271,8
179,355,9
179,342,10
4,313,1
4,333,2
4,326,3
4,332,4
4,748,5
4,272,6
4,690,7
4,302,8
4,879,9
4,323,10
304,258,1
304,748,2
304,245,3
304,333,4
304,326,5
304,690,6
304,678,7
304,332,8
304,289,9
304,301,10
3,313,1
3,750,2
3,690,3
3,682,4
3,269,5
3,895,6
3,315,7
3,879,8
3,286,9
3,301,10
227,237,1
227,1,2
227,111,3
227,508,4
227,283,5
227,1009,6
227,257,7
227,125,8
227,742,9
227,248,10
252,283,1
252,285,2
252,116,3
252,137,4
252,124,5
252,258,6
252,237,7
252,288,8
252,13,9
252,50,10
212,100,1
212,98,2
212,174,3
212,170,4
212,514,5
212,50,6
212,483,7
212,135,8
212,275,9
212,462,10
310,283,1
310,286,2
310,269,3
310,285,4
310,137,5
310,100,6
310,1,7
310,13,8
310,319,9
310,111,10
35,323,1
35,294,2
35,288,3
35,286,4
35,682,5
35,245,6
35,690,7
35,688,8
35,331,9
35,289,10
147,300,1
147,272,2
147,303,3
147,306,4
147,311,5
147,315,6
147,347,7
147,301,8
147,310,9
147,344,10
105,300,1
105,328,2
105,294,3
105,301,4
105,326,5
105,331,6
105,315,7
105,750,8
105,332,9
105,310,10
34,300,1
34,328,2
34,326,3
34,258,4
34,323,5
34,322,6
34,748,7
34,301,8
34,313,9
34,269,10
71,7,1
71,127,2
71,12,3
71,1,4
71,258,5
71,9,6
71,275,7
71,137,8
71,483,9
71,13,10
51,174,1
51,98,2
51,204,3
51,56,4
51,79,5
51,69,6
51,168,7
51,195,8
51,423,9
51,100,10
204,319,1
204,100,2
204,306,3
204,313,4
204,275,5
204,289,6
204,272,7
204,294,8
204,127,9
204,690,10
315,174,1
315,7,2
315,50,3
315,182,4
315,172,5
315,179,6
315,89,7
315,64,8
315,514,9
315,96,10
31,269,1
31,286,2
31,603,3
31,346,4
31,480,5
31,300,6
31,479,7
31,482,8
31,327,9
31,134,10
316,135,1
316,511,2
316,258,3
316,514,4
316,181,5
316,194,6
316,528,7
316,582,8
316,86,9
316,300,10
103,100,1
103,1,2
103,258,3
103,286,4
103,174,5
103,237,6
103,7,7
103,15,8
103,288,9
103,151,10
318,496,1
318,153,2
318,111,3
318,202,4
318,168,5
318,483,6
318,82,7
318,97,8
318,181,9
318,272,10
30,300,1
30,288,2
30,748,3
30,328,4
30,269,5
30,271,6
30,323,7
30,302,8
30,1,9
30,222,10
120,100,1
120,181,2
120,294,3
120,7,4
120,118,5
120,222,6
120,288,7
120,276,8
120,300,9
120,471,10
46,258,1
46,302,2
46,269,3
46,340,4
46,301,5
46,271,6
46,326,7
46,289,8
46,268,9
46,322,10
289,181,1
289,50,2
289,118,3
289,546,4
289,597,5
289,237,6
289,100,7
289,294,8
289,235,9
289,25,10
209,258,1
209,302,2
209,340,3
209,268,4
209,300,5
209,100,6
209,288,7
209,313,8
209,319,9
209,303,10
261,323,1
261,328,2
261,258,3
261,333,4
261,678,5
261,879,6
261,332,7
261,682,8
261,286,9
261,289,10
88,269,1
88,303,2
88,258,3
88,306,4
88,272,5
88,305,6
88,347,7
88,310,8
88,340,9
88,328,10
9,258,1
9,300,2
9,127,3
9,313,4
9,269,5
9,302,6
9,98,7
9,181,8
9,174,9
9,100,10
247,258,1
247,286,2
247,313,3
247,294,4
247,275,5
247,301,6
247,302,7
247,748,8
247,288,9
247,289,10
321,528,1
321,482,2
321,427,3
321,661,4
321,488,5
321,504,6
321,98,7
321,285,8
321,318,9
321,492,10
266,258,1
266,288,2
266,300,3
266,302,4
266,269,5
266,294,6
266,301,7
266,50,8
266,127,9
266,7,10
74,286,1
74,269,2
74,289,3
74,748,4
74,322,5
74,323,6
74,327,7
74,271,8
74,127,9
74,332,10
238,1,1
238,117,2
238,15,3
238,50,4
238,748,5
238,323,6
238,742,7
238,222,8
238,282,9
238,245,10
319,300,1
319,258,2
319,288,3
319,328,4
319,294,5
319,272,6
319,748,7
319,271,8
319,315,9
319,331,10
323,276,1
323,1,2
323,237,3
323,302,4
323,12,5
323,124,6
323,748,7
323,742,8
323,591,9
323,129,10
67,117,1
67,763,2
67,597,3
67,410,4
67,118,5
67,411,6
67,181,7
67,926,8
67,1028,9
67,50,10
211,294,1
211,322,2
211,323,3
211,258,4
211,328,5
211,326,6
211,304,7
211,259,8
211,50,9
211,313,10
98,286,1
98,300,2
98,269,3
98,153,4
98,191,5
98,197,6
98,275,7
98,258,8
98,50,9
98,199,10
12,181,1
12,56,2
12,286,3
12,423,4
12,79,5
12,100,6
12,237,7
12,258,8
12,22,9
12,70,10
40,258,1
40,313,2
40,301,3
40,690,4
40,315,5
40,326,6
40,327,7
40,332,8
40,288,9
40,331,10
258,322,1
258,269,2
258,302,3
258,301,4
258,245,5
258,307,6
258,879,7
258,750,8
258,678,9
258,327,10
228,300,1
228,258,2
228,269,3
228,294,4
228,302,5
228,50,6
228,315,7
228,347,8
228,268,9
228,328,10
325,153,1
325,479,2
325,496,3
325,419,4
325,705,5
325,89,6
325,423,7
325,204,8
325,603,9
325,238,10
320,181,1
320,273,2
320,227,3
320,282,4
320,29,5
320,250,6
320,930,7
320,258,8
320,363,9
320,222,10
326,188,1
326,238,2
326,357,3
326,504,4
326,430,5
326,431,6
326,218,7
326,432,8
326,28,9
326,215,10
327,171,1
327,124,2
327,58,3
327,135,4
327,346,5
327,134,6
327,137,7
327,483,8
327,319,9
327,208,10
183,174,1
183,79,2
183,195,3
183,172,4
183,82,5
183,183,6
183,117,7
183,98,8
183,222,9
183,385,10
328,174,1
328,310,2
328,193,3
328,288,4
328,527,5
328,196,6
328,526,7
328,307,8
328,678,9
328,660,10
322,100,1
322,56,2
322,174,3
322,98,4
322,187,5
322,134,6
322,180,7
322,357,8
322,79,9
322,172,10
330,79,1
330,215,2
330,173,3
330,125,4
330,196,5
330,402,6
330,222,7
330,111,8
330,742,9
330,655,10
27,117,1
27,7,2
27,276,3
27,237,4
27,1,5
27,282,6
27,294,7
27,273,8
27,125,9
27,405,10
331,12,1
331,127,2
331,192,3
331,134,4
331,276,5
331,23,6
331,56,7
331,654,8
331,187,9
331,603,10
332,591,1
332,100,2
332,15,3
332,250,4
332,281,5
332,69,6
332,24,7
332,161,8
332,930,9
332,977,10
329,475,1
329,1,2
329,56,3
329,268,4
329,237,5
329,289,6
329,275,7
329,271,8
329,9,9
329,121,10
86,302,1
86,690,2
86,301,3
86,332,4
86,313,5
86,306,6
86,333,7
86,331,8
86,750,9
86,303,10
139,319,1
139,269,2
139,300,3
139,258,4
139,285,5
139,301,6
139,321,7
139,294,8
139,690,9
139,333,10
300,323,1
300,748,2
300,258,3
300,678,4
300,245,5
300,358,6
300,333,7
300,117,8
300,299,9
300,326,10
163,50,1
163,313,2
163,288,3
163,181,4
163,294,5
163,302,6
163,100,7
163,328,8
163,174,9
163,172,10
333,286,1
333,258,2
333,50,3
333,313,4
333,181,5
333,302,6
333,288,7
333,328,8
333,56,9
333,172,10
334,750,1
334,270,2
334,1,3
334,25,4
334,211,5
334,463,6
334,144,7
334,1007,8
334,357,9
334,234,10
39,286,1
39,690,2
39,750,3
39,340,4
39,305,5
39,303,6
39,328,7
39,311,8
39,326,9
39,310,10
324,333,1
324,100,2
324,245,3
324,117,4
324,237,5
324,326,6
324,313,7
324,302,8
324,181,9
324,15,10
132,7,1
132,174,2
132,475,3
132,479,4
132,98,5
132,515,6
132,89,7
132,181,8
132,129,9
132,483,10
336,80,1
336,364,2
336,412,3
336,411,4
336,384,5
336,274,6
336,235,7
336,1028,8
336,783,9
336,240,10
335,302,1
335,272,2
335,286,3
335,294,4
335,326,5
335,315,6
335,331,7
335,751,8
335,301,9
335,346,10
169,286,1
169,269,2
169,511,3
169,484,4
169,435,5
169,197,6
169,205,7
169,294,8
169,357,9
169,194,10
338,199,1
338,482,2
338,191,3
338,661,4
338,705,5
338,496,6
338,529,7
338,659,8
338,50,9
338,430,10
339,172,1
339,96,2
339,210,3
339,223,4
339,164,5
339,514,6
339,708,7
339,77,8
339,215,9
339,318,10
309,322,1
309,328,2
309,269,3
309,323,4
309,682,5
309,327,6
309,302,7
309,332,8
309,245,9
309,307,10
342,50,1
342,151,2
342,285,3
342,268,4
342,64,5
342,181,6
342,221,7
342,318,8
342,127,9
342,628,10
340,132,1
340,419,2
340,133,3
340,168,4
340,69,5
340,496,6
340,210,7
340,97,8
340,432,9
340,191,10
317,258,1
317,333,2
317,294,3
317,690,4
317,332,5
317,302,6
317,307,7
317,751,8
317,895,9
317,272,10
341,300,1
341,328,2
341,326,3
341,331,4
341,323,5
341,327,6
341,879,7
341,333,8
341,938,9
341,688,10
343,70,1
343,181,2
343,216,3
343,183,4
343,172,5
343,204,6
343,182,7
343,96,8
343,210,9
343,173,10
344,116,1
344,15,2
344,56,3
344,294,4
344,475,5
344,257,6
344,748,7
344,147,8
344,300,9
344,318,10
345,275,1
345,276,2
345,423,3
345,735,4
345,8,5
345,328,6
345,7,7
345,591,8
345,97,9
345,692,10
346,228,1
346,568,2
346,82,3
346,229,4
346,69,5
346,230,6
346,227,7
346,202,8
346,231,9
346,28,10
347,64,1
347,250,2
347,71,3
347,265,4
347,591,5
347,228,6
347,234,7
347,628,8
347,111,9
347,161,10
273,269,1
273,302,2
273,300,3
273,258,4
273,306,5
273,301,6
273,750,7
273,346,8
273,310,9
273,344,10
55,294,1
55,1,2
55,222,3
55,288,4
55,100,5
55,258,6
55,546,7
55,742,8
55,250,9
55,298,10
349,1,1
349,742,2
349,125,3
349,117,4
349,151,5
349,7,6
349,405,7
349,282,8
349,1047,9
349,274,10
348,125,1
348,597,2
348,1047,3
348,282,4
348,284,5
348,471,6
348,274,7
348,845,8
348,815,9
348,717,10
354,514,1
354,517,2
354,194,3
354,488,4
354,482,5
354,357,6
354,111,7
354,408,8
354,302,9
354,277,10
351,690,1
351,269,2
351,294,3
351,302,4
351,333,5
351,331,6
351,315,7
351,682,8
351,272,9
351,316,10
358,170,1
358,514,2
358,513,3
358,171,4
358,86,5
358,212,6
358,197,7
358,923,8
358,61,9
358,656,10
352,11,1
352,204,2
352,168,3
352,22,4
352,69,5
352,288,6
352,64,7
352,238,8
352,175,9
352,179,10
360,318,1
360,300,2
360,276,3
360,98,4
360,7,5
360,603,6
360,313,7
360,319,8
360,9,9
360,480,10
363,175,1
363,209,2
363,53,3
363,475,4
363,684,5
363,92,6
363,219,7
363,268,8
363,343,9
363,202,10
355,331,1
355,690,2
355,332,3
355,326,4
355,359,5
355,333,6
355,258,7
355,361,8
355,938,9
355,302,10
362,286,1
362,269,2
362,326,3
362,690,4
362,301,5
362,307,6
362,271,7
362,272,8
362,315,9
362,751,10
357,288,1
357,25,2
357,15,3
357,282,4
357,100,5
357,756,6
357,323,7
357,181,8
357,148,9
357,50,10
356,302,1
356,690,2
356,269,3
356,332,4
356,750,5
356,301,6
356,340,7
356,323,8
356,751,9
356,748,10
361,174,1
361,732,2
361,69,3
361,381,4
361,582,5
361,4,6
361,153,7
361,181,8
361,172,9
361,210,10
365,286,1
365,300,2
365,302,3
365,748,4
365,333,5
365,328,6
365,475,7
365,50,8
365,313,9
365,245,10
350,98,1
350,474,2
350,135,3
350,357,4
350,56,5
350,134,6
350,79,7
350,484,8
350,511,9
350,100,10
367,452,1
367,358,2
367,590,3
367,181,4
367,447,5
367,816,6
367,294,7
367,773,8
367,895,9
367,569,10
368,200,1
368,452,2
368,665,3
368,563,4
368,185,5
368,590,6
368,176,7
368,444,8
368,258,9
368,324,10
371,172,1
371,56,2
371,195,3
371,96,4
371,168,5
371,89,6
371,173,7
371,100,8
371,82,9
371,135,10
373,419,1
373,1,2
373,56,3
373,98,4
373,133,5
373,176,6
373,72,7
373,662,8
373,692,9
373,73,10
370,286,1
370,483,2
370,474,3
370,168,4
370,127,5
370,191,6
370,197,7
370,357,8
370,194,9
370,479,10
374,410,1
374,22,2
374,866,3
374,298,4
374,1016,5
374,409,6
374,293,7
374,939,8
374,180,9
374,831,10
372,324,1
372,551,2
372,773,3
372,258,4
372,294,5
372,11,6
372,563,7
372,670,8
372,182,9
372,331,10
337,405,1
337,118,2
337,1,3
337,117,4
337,546,5
337,597,6
337,172,7
337,174,8
337,82,9
337,195,10
378,553,1
378,371,2
378,1041,3
378,934,4
378,72,5
378,228,6
378,378,7
378,229,8
378,26,9
378,357,10
366,563,1
366,665,2
366,444,3
366,452,4
366,551,5
366,441,6
366,567,7
366,183,8
366,379,9
366,590,10
377,300,1
377,50,2
377,286,3
377,269,4
377,181,5
377,302,6
377,328,7
377,333,8
377,127,9
377,322,10
375,56,1
375,98,2
375,79,3
375,53,4
375,182,5
375,12,6
375,11,7
375,226,8
375,174,9
375,96,10
359,258,1
359,288,2
359,294,3
359,100,4
359,222,5
359,257,6
359,597,7
359,742,8
359,300,9
359,127,10
379,423,1
379,228,2
379,132,3
379,215,4
379,209,5
379,483,6
379,70,7
379,229,8
379,154,9
379,449,10
380,56,1
380,191,2
380,216,3
380,210,4
380,175,5
380,173,6
380,82,7
380,511,8
380,202,9
380,70,10
381,275,1
381,496,2
381,8,3
381,174,4
381,181,5
381,213,6
381,286,7
381,172,8
381,88,9
381,143,10
385,179,1
385,154,2
385,475,3
385,7,4
385,170,5
385,517,6
385,124,7
385,150,8
385,505,9
385,137,10
382,129,1
382,124,2
382,174,3
382,515,4
382,479,5
382,181,6
382,1,7
382,483,8
382,121,9
382,13,10
387,234,1
387,185,2
387,201,3
387,1073,4
387,164,5
387,276,6
387,479,7
387,86,8
387,433,9
387,124,10
364,300,1
364,258,2
364,328,3
364,748,4
364,301,5
364,333,6
364,322,7
364,323,8
364,259,9
364,327,10
369,258,1
369,269,2
369,288,3
369,300,4
369,286,5
369,294,6
369,748,7
369,302,8
369,313,9
369,100,10
388,7,1
388,50,2
388,181,3
388,245,4
388,323,5
388,286,6
388,332,7
388,358,8
388,118,9
388,282,10
386,1,1
386,100,2
386,294,3
386,288,4
386,258,5
386,742,6
386,257,7
386,250,8
386,237,9
386,748,10
389,648,1
389,659,2
389,432,3
389,357,4
389,655,5
389,175,6
389,70,7
389,97,8
389,433,9
389,195,10
383,98,1
383,269,2
383,174,3
383,170,4
383,127,5
383,50,6
383,191,7
383,318,8
383,56,9
383,482,10
390,294,1
390,288,2
390,322,3
390,269,4
390,323,5
390,748,6
390,313,7
390,333,8
390,301,9
390,245,10
393,174,1
393,401,2
393,216,3
393,254,4
393,746,5
393,300,6
393,63,7
393,231,8
393,151,9
393,796,10
392,100,1
392,301,2
392,275,3
392,483,4
392,480,5
392,479,6
392,242,7
392,603,8
392,327,9
392,305,10
376,286,1
376,50,2
376,258,3
376,1,4
376,174,5
376,127,6
376,300,7
376,294,8
376,283,9
376,70,10
394,231,1
394,53,2
394,95,3
394,94,4
394,11,5
394,2,6
394,219,7
394,80,8
394,234,9
394,240,10
391,181,1
391,79,2
391,172,3
391,7,4
391,135,5
391,183,6
391,1,7
391,192,8
391,185,9
391,423,10
398,210,1
398,419,2
398,143,3
398,98,4
398,238,5
398,318,6
398,195,7
398,215,8
398,136,9
398,180,10
397,300,1
397,258,2
397,269,3
397,603,4
397,271,5
397,176,6
397,294,7
397,98,8
397,515,9
397,185,10
399,159,1
399,596,2
399,217,3
399,7,4
399,25,5
399,4,6
399,202,7
399,258,8
399,88,9
399,367,10
396,294,1
396,748,2
396,685,3
396,258,4
396,1016,5
396,147,6
396,181,7
396,252,8
396,298,9
396,15,10
401,300,1
401,283,2
401,15,3
401,496,4
401,258,5
401,274,6
401,132,7
401,98,8
401,79,9
401,427,10
402,121,1
402,405,2
402,14,3
402,283,4
402,125,5
402,174,6
402,284,7
402,98,8
402,285,9
402,274,10
384,690,1
384,269,2
384,294,3
384,288,4
384,323,5
384,331,6
384,322,7
384,326,8
384,307,9
384,310,10
395,294,1
395,117,2
395,405,3
395,288,4
395,222,5
395,323,6
395,742,7
395,69,8
395,7,9
395,25,10
353,302,1
353,313,2
353,288,3
353,269,4
353,294,5
353,748,6
353,690,7
353,307,8
353,879,9
353,310,10
403,742,1
403,125,2
403,15,3
403,294,4
403,273,5
403,25,6
403,591,7
403,1028,8
403,756,9
403,411,10
405,155,1
405,145,2
405,17,3
405,166,4
405,1140,5
405,615,6
405,488,7
405,1622,8
405,503,9
405,1075,10
400,302,1
400,333,2
400,323,3
400,322,4
400,326,5
400,289,6
400,310,7
400,245,8
400,340,9
400,327,10
406,200,1
406,423,2
406,603,3
406,484,4
406,708,5
406,192,6
406,214,7
406,162,8
406,642,9
406,855,10
407,79,1
407,419,2
407,7,3
407,451,4
407,294,5
407,435,6
407,22,7
407,164,8
407,367,9
407,133,10
409,194,1
409,513,2
409,190,3
409,519,4
409,64,5
409,198,6
409,524,7
409,510,8
409,269,9
409,183,10
404,326,1
404,315,2
404,682,3
404,322,4
404,751,5
404,895,6
404,271,7
404,316,8
404,312,9
404,347,10
413,288,1
413,294,2
413,313,3
413,127,4
413,748,5
413,322,6
413,117,7
413,323,8
413,1,9
413,319,10
416,280,1
416,485,2
416,1039,3
416,26,4
416,381,5
416,340,6
416,566,7
416,186,8
416,321,9
416,292,10
408,269,1
408,690,2
408,333,3
408,326,4
408,301,5
408,750,6
408,340,7
408,331,8
408,323,9
408,268,10
410,272,1
410,302,2
410,750,3
410,301,4
410,310,5
410,332,6
410,751,7
410,294,8
410,333,9
410,326,10
411,82,1
411,69,2
411,204,3
411,97,4
411,98,5
411,96,6
411,215,7
411,183,8
411,173,9
411,216,10
417,204,1
417,229,2
417,240,3
417,2,4
417,88,5
417,227,6
417,239,7
417,22,8
417,575,9
417,53,10
412,50,1
412,100,2
412,181,3
412,98,4
412,168,5
412,79,6
412,204,7
412,12,8
412,69,9
412,89,10
420,269,1
420,303,2
420,306,3
420,242,4
420,514,5
420,515,6
420,221,7
420,258,8
420,13,9
420,900,10
422,413,1
422,268,2
422,508,3
422,547,4
422,678,5
422,121,6
422,164,7
422,56,8
422,123,9
422,844,10
425,260,1
425,182,2
425,226,3
425,328,4
425,331,5
425,431,6
425,264,7
425,665,8
425,23,9
425,1073,10
419,483,1
419,480,2
419,474,3
419,199,4
419,127,5
419,603,6
419,484,7
419,479,8
419,194,9
419,498,10
415,286,1
415,300,2
415,50,3
415,127,4
415,199,5
415,181,6
415,294,7
415,100,8
415,194,9
415,511,10
423,294,1
423,288,2
423,332,3
423,331,4
423,301,5
423,289,6
423,268,7
423,271,8
423,303,9
423,312,10
429,215,1
429,135,2
429,160,3
429,660,4
429,9,5
429,588,6
429,187,7
429,474,8
429,175,9
429,451,10
428,258,1
428,328,2
428,333,3
428,748,4
428,327,5
428,682,6
428,271,7
428,346,8
428,689,9
428,895,10
427,326,1
427,333,2
427,323,3
427,690,4
427,288,5
427,873,6
427,880,7
427,269,8
427,327,9
427,259,10
418,272,1
418,690,2
418,347,3
418,310,4
418,340,5
418,326,6
418,332,7
418,316,8
418,307,9
418,354,10
424,322,1
424,313,2
424,748,3
424,326,4
424,678,5
424,181,6
424,988,7
424,321,8
424,269,9
424,328,10
432,125,1
432,597,2
432,685,3
432,273,4
432,147,5
432,25,6
432,245,7
432,252,8
432,9,9
432,591,10
421,286,1
421,23,2
421,288,3
421,258,4
421,195,5
421,514,6
421,134,7
421,181,8
421,179,9
421,300,10
435,231,1
435,238,2
435,97,3
435,209,4
435,739,5
435,94,6
435,99,7
435,88,8
435,651,9
435,145,10
433,258,1
433,127,2
433,288,3
433,328,4
433,100,5
433,313,6
433,271,7
433,181,8
433,301,9
433,327,10
426,604,1
426,498,2
426,495,3
426,357,4
426,520,5
426,419,6
426,485,7
426,507,8
426,514,9
426,479,10
436,69,1
436,56,2
436,196,3
436,12,4
436,232,5
436,735,6
436,237,7
436,393,8
436,210,9
436,402,10
430,475,1
430,1,2
430,275,3
430,14,4
430,508,5
430,285,6
430,185,7
430,919,8
430,269,9
430,257,10
434,117,1
434,742,2
434,405,3
434,282,4
434,278,5
434,294,6
434,280,7
434,276,8
434,597,9
434,845,10
437,509,1
437,209,2
437,175,3
437,531,4
437,194,5
437,382,6
437,735,7
437,498,8
437,367,9
437,357,10
438,294,1
438,117,2
438,125,3
438,405,4
438,258,5
438,288,6
438,111,7
438,742,8
438,276,9
438,25,10
431,258,1
431,313,2
431,288,3
431,333,4
431,326,5
431,301,6
431,289,7
431,272,8
431,310,9
431,271,10
442,50,1
442,183,2
442,4,3
442,233,4
442,568,5
442,265,6
442,258,7
442,475,8
442,566,9
442,200,10
440,286,1
440,269,2
440,306,3
440,303,4
440,302,5
440,311,6
440,305,7
440,268,8
440,347,9
440,315,10
445,129,1
445,258,2
445,124,3
445,282,4
445,24,5
445,294,6
445,1134,7
445,222,8
445,455,9
445,685,10
447,127,1
447,125,2
447,273,3
447,475,4
447,240,5
447,195,6
447,172,7
447,250,8
447,685,9
447,476,10
449,129,1
449,116,2
449,283,3
449,7,4
449,275,5
449,20,6
449,221,7
449,19,8
449,919,9
449,10,10
450,8,1
450,720,2
450,420,3
450,72,4
450,486,5
450,209,6
450,755,7
450,323,8
450,52,9
450,684,10
446,258,1
446,333,2
446,313,3
446,331,4
446,323,5
446,750,6
446,272,7
446,305,8
446,310,9
446,303,10
439,286,1
439,258,2
439,294,3
439,1,4
439,117,5
439,50,6
439,302,7
439,111,8
439,508,9
439,9,10
451,339,1
451,908,2
451,340,3
451,271,4
451,895,5
451,361,6
451,310,7
451,309,8
451,750,9
451,754,10
452,511,1
452,56,2
452,28,3
452,175,4
452,357,5
452,484,6
452,205,7
452,1,8
452,238,9
452,208,10
454,127,1
454,294,2
454,216,3
454,187,4
454,495,5
454,205,6
454,699,7
454,523,8
454,168,9
454,183,10
453,121,1
453,96,2
453,405,3
453,161,4
453,240,5
453,1,6
453,218,7
453,147,8
453,173,9
453,182,10
414,328,1
414,286,2
414,268,3
414,333,4
414,269,5
414,327,6
414,271,7
414,332,8
414,315,9
414,326,10
455,742,1
455,294,2
455,111,3
455,215,4
455,216,5
455,655,6
455,328,7
455,86,8
455,476,9
455,151,10
444,269,1
444,690,2
444,302,3
444,326,4
444,333,5
444,294,6
444,331,7
444,288,8
444,310,9
444,879,10
448,300,1
448,272,2
448,306,3
448,690,4
448,347,5
448,311,6
448,315,7
448,313,8
448,346,9
448,882,10
457,98,1
457,153,2
457,71,3
457,95,4
457,735,5
457,274,6
457,508,7
457,72,8
457,42,9
457,217,10
456,7,1
456,11,2
456,156,3
456,183,4
456,89,5
456,64,6
456,195,7
456,96,8
456,47,9
456,55,10
458,508,1
458,15,2
458,111,3
458,471,4
458,70,5
458,170,6
458,221,7
458,479,8
458,466,9
458,197,10
462,258,1
462,294,2
462,286,3
462,748,4
462,333,5
462,245,6
462,50,7
462,269,8
462,879,9
462,301,10
459,118,1
459,237,2
459,151,3
459,288,4
459,243,5
459,756,6
459,988,7
459,284,8
459,276,9
459,283,10
460,475,1
460,269,2
460,116,3
460,319,4
460,237,5
460,287,6
460,246,7
460,268,8
460,300,9
460,126,10
461,288,1
461,286,2
461,300,3
461,328,4
461,301,5
461,268,6
461,245,7
461,272,8
461,340,9
461,181,10
467,288,1
467,121,2
467,129,3
467,250,4
467,508,5
467,294,6
467,405,7
467,286,8
467,235,9
467,324,10
468,276,1
468,151,2
468,168,3
468,483,4
468,202,5
468,28,6
468,179,7
468,196,8
468,11,9
468,186,10
466,271,1
466,751,2
466,272,3
466,879,4
466,347,5
466,750,6
466,307,7
466,358,8
466,340,9
466,286,10
472,184,1
472,98,2
472,451,3
472,627,4
472,144,5
472,164,6
472,399,7
472,17,8
472,54,9
472,89,10
465,168,1
465,514,2
465,483,3
465,173,4
465,479,5
465,480,6
465,208,7
465,204,8
465,197,9
465,435,10
463,287,1
463,289,2
463,294,3
463,255,4
463,118,5
463,9,6
463,742,7
463,222,8
463,458,9
463,405,10
471,71,1
471,419,2
471,625,3
471,560,4
471,181,5
471,423,6
471,142,7
471,210,8
471,542,9
471,755,10
474,133,1
474,443,2
474,177,3
474,162,4
474,632,5
474,300,6
474,494,7
474,153,8
474,202,9
474,693,10
469,514,1
469,661,2
469,197,3
469,480,4
469,519,5
469,135,6
469,174,7
469,482,8
469,498,9
469,479,10
464,323,1
464,271,2
464,313,3
464,100,4
464,245,5
464,751,6
464,275,7
464,327,8
464,304,9
464,1,10
476,395,1
476,722,2
476,403,3
476,382,4
476,153,5
476,721,6
476,739,7
476,154,8
476,12,9
476,172,10
478,56,1
478,172,2
478,174,3
478,181,4
478,210,5
478,121,6
478,273,7
478,186,8
478,405,9
478,4,10
473,100,1
473,286,2
473,221,3
473,269,4
473,297,5
473,288,6
473,93,7
473,258,8
473,13,9
473,283,10
470,302,1
470,237,2
470,287,3
470,116,4
470,117,5
470,289,6
470,127,7
470,14,8
470,282,9
470,324,10
480,286,1
480,181,2
480,514,3
480,269,4
480,275,5
480,480,6
480,134,7
480,474,8
480,515,9
480,168,10
441,258,1
441,748,2
441,50,3
441,181,4
441,328,5
441,286,6
441,323,7
441,322,8
441,678,9
441,245,10
479,98,1
479,56,2
479,7,3
479,69,4
479,515,5
479,191,6
479,132,7
479,64,8
479,484,9
479,134,10
484,118,1
484,403,2
484,546,3
484,196,4
484,402,5
484,100,6
484,127,7
484,62,8
484,215,9
484,748,10
486,100,1
486,283,2
486,1009,3
486,126,4
486,116,5
486,815,6
486,19,7
486,249,8
486,744,9
486,1008,10
487,228,1
487,655,2
487,168,3
487,233,4
487,147,5
487,54,6
487,328,7
487,182,8
487,7,9
487,693,10
482,300,1
482,333,2
482,323,3
482,302,4
482,322,5
482,326,6
482,332,7
482,307,8
482,271,9
482,268,10
481,174,1
481,168,2
481,172,3
481,135,4
481,286,5
481,194,6
481,496,7
481,56,8
481,202,9
481,483,10
492,174,1
492,98,2
492,197,3
492,170,4
492,603,5
492,135,6
492,191,7
492,180,8
492,23,9
492,238,10
493,294,1
493,64,2
493,144,3
493,276,4
493,748,5
493,55,6
493,268,7
493,135,8
493,42,9
493,588,10
490,276,1
490,288,2
490,129,3
490,121,4
490,508,5
490,250,6
490,294,7
490,13,8
490,285,9
490,405,10
489,690,1
489,877,2
489,329,3
489,305,4
489,938,5
489,336,6
489,350,7
489,344,8
489,894,9
489,362,10
483,174,1
483,127,2
483,100,3
483,172,4
483,300,5
483,117,6
483,294,7
483,7,8
483,168,9
483,98,10
496,423,1
496,71,2
496,79,3
496,210,4
496,69,5
496,404,6
496,95,7
496,82,8
496,588,9
496,501,10
494,258,1
494,275,2
494,318,3
494,288,4
494,69,5
494,483,6
494,197,7
494,276,8
494,269,9
494,313,10
495,164,1
495,97,2
495,99,3
495,436,4
495,215,5
495,22,6
495,63,7
495,443,8
495,28,9
495,141,10
477,283,1
477,278,2
477,125,3
477,70,4
477,934,5
477,785,6
477,220,7
477,393,8
477,1,9
477,692,10
497,576,1
497,88,2
497,554,3
497,117,4
497,546,5
497,154,6
497,235,7
497,17,8
497,732,9
497,401,10
488,435,1
488,194,2
488,195,3
488,423,4
488,204,5
488,427,6
488,603,7
488,484,8
488,482,9
488,661,10
498,42,1
498,129,2
498,195,3
498,96,4
498,209,5
498,153,6
498,286,7
498,357,8
498,55,9
498,93,10
499,286,1
499,135,2
499,269,3
499,197,4
499,199,5
499,172,6
499,515,7
499,134,8
499,187,9
499,480,10
491,137,1
491,302,2
491,275,3
491,269,4
491,276,5
491,221,6
491,9,7
491,50,8
491,283,9
491,515,10
500,14,1
500,86,2
500,707,3
500,248,4
500,716,5
500,213,6
500,220,7
500,724,8
500,66,9
500,934,10
502,748,1
502,326,2
502,331,3
502,332,4
502,876,5
502,690,6
502,689,7
502,688,8
502,881,9
502,1025,10
503,170,1
503,56,2
503,515,3
503,276,4
503,191,5
503,462,6
503,238,7
503,9,8
503,202,9
503,483,10
504,15,1
504,378,2
504,164,3
504,708,4
504,436,5
504,172,6
504,496,7
504,217,8
504,642,9
504,135,10
505,28,1
505,323,2
505,196,3
505,318,4
505,222,5
505,215,6
505,143,7
505,230,8
505,699,9
505,322,10
506,22,1
506,64,2
506,318,3
506,188,4
506,98,5
506,144,6
506,265,7
506,153,8
506,357,9
506,568,10
443,300,1
443,288,2
443,302,3
443,328,4
443,268,5
443,301,6
443,50,7
443,289,8
443,181,9
443,326,10
507,331,1
507,326,2
507,322,3
507,272,4
507,301,5
507,342,6
507,332,7
507,286,8
507,358,9
507,347,10
514,286,1
514,56,2
514,300,3
514,238,4
514,127,5
514,751,6
514,198,7
514,8,8
514,684,9
514,588,10
508,50,1
508,56,2
508,89,3
508,135,4
508,100,5
508,182,6
508,403,7
508,202,8
508,483,9
508,7,10
511,258,1
511,328,2
511,331,3
511,326,4
511,327,5
511,332,6
511,879,7
511,748,8
511,302,9
511,307,10
515,326,1
515,272,2
515,331,3
515,879,4
515,333,5
515,245,6
515,751,7
515,301,8
515,316,9
515,327,10
512,300,1
512,328,2
512,288,3
512,333,4
512,174,5
512,294,6
512,272,7
512,98,8
512,269,9
512,12,10
513,1,1
513,294,2
513,742,3
513,288,4
513,597,5
513,7,6
513,125,7
513,748,8
513,100,9
513,151,10
475,300,1
475,272,2
475,288,3
475,294,4
475,268,5
475,301,6
475,340,7
475,690,8
475,328,9
475,750,10
523,88,1
523,275,2
523,13,3
523,283,4
523,173,5
523,111,6
523,709,7
523,216,8
523,94,9
523,286,10
518,15,1
518,111,2
518,282,3
518,274,4
518,597,5
518,756,6
518,411,7
518,283,8
518,845,9
518,1009,10
509,269,1
509,286,2
509,313,3
509,748,4
509,333,5
509,272,6
509,323,7
509,322,8
509,331,9
509,750,10
516,174,1
516,100,2
516,258,3
516,98,4
516,127,5
516,269,6
516,56,7
516,300,8
516,172,9
516,313,10
510,328,1
510,682,2
510,332,3
510,327,4
510,331,5
510,879,6
510,307,7
510,690,8
510,988,9
510,260,10
524,427,1
524,357,2
524,28,3
524,177,4
524,183,5
524,655,6
524,188,7
524,176,8
524,196,9
524,507,10
501,1,1
501,50,2
501,742,3
501,1016,4
501,240,5
501,250,6
501,235,7
501,258,8
501,246,9
501,763,10
525,117,1
525,50,2
525,294,3
525,258,4
525,222,5
525,471,6
525,546,7
525,9,8
525,298,9
525,591,10
521,98,1
521,82,2
521,24,3
521,546,4
521,294,5
521,455,6
521,55,7
521,64,8
521,588,9
521,252,10
520,258,1
520,313,2
520,328,3
520,748,4
520,301,5
520,288,6
520,323,7
520,245,8
520,272,9
520,751,10
519,331,1
519,681,2
519,1127,3
519,690,4
519,876,5
519,361,6
519,359,7
519,300,8
519,326,9
519,329,10
528,172,1
528,168,2
528,127,3
528,300,4
528,1,5
528,98,6
528,195,7
528,132,8
528,121,9
528,96,10
532,294,1
532,56,2
532,172,3
532,748,4
532,50,5
532,550,6
532,258,7
532,174,8
532,405,9
532,328,10
530,286,1
530,15,2
530,1,3
530,197,4
530,127,5
530,69,6
530,258,7
530,300,8
530,318,9
530,283,10
531,313,1
531,258,2
531,328,3
531,326,4
531,269,5
531,294,6
531,322,7
531,750,8
531,315,9
531,272,10
529,748,1
529,302,2
529,678,3
529,879,4
529,313,5
529,289,6
529,259,7
529,358,8
529,304,9
529,264,10
517,121,1
517,257,2
517,125,3
517,323,4
517,15,5
517,322,6
517,286,7
517,288,8
517,118,9
517,313,10
527,98,1
527,483,2
527,654,3
527,194,4
527,89,5
527,186,6
527,435,7
527,521,8
527,198,9
527,79,10
485,300,1
485,258,2
485,690,3
485,272,4
485,340,5
485,750,6
485,315,7
485,333,8
485,305,9
485,310,10
533,79,1
533,7,2
533,235,3
533,515,4
533,323,5
533,238,6
533,173,7
533,472,8
533,225,9
533,86,10
535,191,1
535,69,2
535,23,3
535,216,4
535,12,5
535,528,6
535,474,7
535,89,8
535,127,9
535,462,10
536,173,1
536,202,2
536,393,3
536,186,4
536,161,5
536,196,6
536,211,7
536,194,8
536,216,9
536,451,10
526,286,1
526,268,2
526,322,3
526,289,4
526,117,5
526,257,6
526,340,7
526,326,8
526,237,9
526,310,10
537,9,1
537,748,2
537,324,3
537,589,4
537,487,5
537,8,6
537,659,7
537,520,8
537,31,9
537,692,10
534,100,1
534,222,2
534,123,3
534,284,4
534,181,5
534,472,6
534,258,7
534,257,8
534,50,9
534,250,10
541,97,1
541,94,2
541,69,3
541,202,4
541,969,5
541,132,6
541,451,7
541,161,8
541,739,9
541,125,10
538,216,1
538,64,2
538,70,3
538,186,4
538,1,5
538,357,6
538,7,7
538,135,8
538,286,9
538,132,10
542,174,1
542,4,2
542,12,3
542,216,4
542,79,5
542,111,6
542,7,7
542,96,8
542,153,9
542,25,10
545,402,1
545,432,2
545,56,3
545,559,4
545,2,5
545,186,6
545,576,7
545,294,8
545,501,9
545,239,10
539,100,1
539,514,2
539,191,3
539,174,4
539,216,5
539,70,6
539,14,7
539,213,8
539,137,9
539,98,10
547,300,1
547,286,2
547,272,3
547,690,4
547,750,5
547,288,6
547,310,7
547,748,8
547,326,9
547,307,10
543,100,1
543,182,2
543,172,3
543,55,4
543,514,5
543,48,6
543,58,7
543,203,8
543,7,9
543,127,10
548,125,1
548,879,2
548,685,3
548,11,4
548,260,5
548,508,6
548,289,7
548,148,8
548,895,9
548,269,10
546,358,1
546,323,2
546,331,3
546,333,4
546,355,5
546,678,6
546,307,7
546,260,8
546,452,9
546,117,10
522,174,1
522,474,2
522,172,3
522,483,4
522,56,5
522,204,6
522,195,7
522,194,8
522,98,9
522,186,10
551,53,1
551,939,2
551,148,3
551,173,4
551,29,5
551,367,6
551,1,7
551,39,8
551,1016,9
551,1210,10
544,333,1
544,269,2
544,690,3
544,307,4
544,322,5
544,245,6
544,879,7
544,272,8
544,682,9
544,315,10
553,661,1
553,194,2
553,133,3
553,654,4
553,705,5
553,357,6
553,504,7
553,185,8
553,211,9
553,521,10
552,597,1
552,546,2
552,255,3
552,245,4
552,276,5
552,685,6
552,476,7
552,1028,8
552,472,9
552,298,10
540,288,1
540,237,2
540,127,3
540,282,4
540,748,5
540,118,6
540,151,7
540,298,8
540,273,9
540,546,10
554,25,1
554,471,2
554,88,3
554,97,4
554,393,5
554,476,6
554,210,7
554,402,8
554,143,9
554,591,10
550,245,1
550,117,2
550,678,3
550,322,4
550,333,5
550,298,6
550,326,7
550,879,8
550,118,9
550,250,10
556,300,1
556,100,2
556,258,3
556,50,4
556,174,5
556,269,6
556,197,7
556,483,8
556,357,9
556,514,10
559,172,1
559,168,2
559,510,3
559,135,4
559,183,5
559,483,6
559,211,7
559,173,8
559,79,9
559,286,10
560,475,1
560,276,2
560,117,3
560,286,4
560,9,5
560,129,6
560,98,7
560,174,8
560,237,9
560,124,10
561,190,1
561,192,2
561,161,3
561,654,4
561,265,5
561,82,6
561,187,7
561,134,8
561,1073,9
561,83,10
563,121,1
563,1,2
563,405,3
563,117,4
563,111,5
563,258,6
563,15,7
563,393,8
563,125,9
563,222,10
566,174,1
566,216,2
566,79,3
566,238,4
566,655,5
566,195,6
566,4,7
566,451,8
566,28,9
566,197,10
557,286,1
557,302,2
557,258,3
557,313,4
557,303,5
557,333,6
557,301,7
557,347,8
557,328,9
557,340,10
558,221,1
558,276,2
558,129,3
558,13,4
558,475,5
558,297,6
558,237,7
558,1009,8
558,287,9
558,319,10
564,748,1
564,294,2
564,328,3
564,288,4
564,322,5
564,271,6
564,879,7
564,307,8
564,310,9
564,326,10
565,971,1
565,60,2
565,1005,3
565,514,4
565,61,5
565,59,6
565,582,7
565,557,8
565,1195,9
565,45,10
573,100,1
573,483,2
573,98,3
573,181,4
573,496,5
573,603,6
573,357,7
573,56,8
573,199,9
573,197,10
549,117,1
549,294,2
549,222,3
549,7,4
549,546,5
549,125,6
549,257,7
549,742,8
549,597,9
549,300,10
567,180,1
567,661,2
567,519,3
567,98,4
567,435,5
567,488,6
567,515,7
567,172,8
567,211,9
567,153,10
569,282,1
569,742,2
569,275,3
569,181,4
569,255,5
569,591,6
569,845,7
569,127,8
569,289,9
569,744,10
562,172,1
562,69,2
562,423,3
562,210,4
562,176,5
562,183,6
562,228,7
562,195,8
562,168,9
562,96,10
576,286,1
576,258,2
576,127,3
576,121,4
576,117,5
576,111,6
576,288,7
576,300,8
576,25,9
576,174,10
577,94,1
577,195,2
577,66,3
577,233,4
577,451,5
577,227,6
577,282,7
577,222,8
577,692,9
577,239,10
579,300,1
579,181,2
579,174,3
579,172,4
579,313,5
579,79,6
579,302,7
579,12,8
579,318,9
579,22,10
574,313,1
574,306,2
574,301,3
574,326,4
574,307,5
574,882,6
574,271,7
574,751,8
574,898,9
574,903,10
555,1,1
555,257,2
555,127,3
555,286,4
555,151,5
555,222,6
555,294,7
555,300,8
555,237,9
555,276,10
572,275,1
572,285,2
572,276,3
572,283,4
572,237,5
572,137,6
572,258,7
572,1,8
572,221,9
572,116,10
575,174,1
575,100,2
575,286,3
575,56,4
575,258,5
575,172,6
575,69,7
575,300,8
575,237,9
575,64,10
584,174,1
584,121,2
584,210,3
584,1,4
584,168,5
584,96,6
584,173,7
584,195,8
584,405,9
584,204,10
588,196,1
588,70,2
588,418,3
588,77,4
588,49,5
588,465,6
588,228,7
588,300,8
588,90,9
588,420,10
587,751,1
587,299,2
587,346,3
587,898,4
587,329,5
587,344,6
587,354,7
587,754,8
587,362,9
587,538,10
568,514,1
568,480,2
568,197,3
568,511,4
568,484,5
568,705,6
568,654,7
568,607,8
568,498,9
568,513,10
586,98,1
586,38,2
586,546,3
586,7,4
586,55,5
586,4,6
586,12,7
586,62,8
586,597,9
586,685,10
585,753,1
585,512,2
585,1462,3
585,514,4
585,306,5
585,954,6
585,1195,7
585,285,8
585,513,9
585,900,10
582,546,1
582,276,2
582,127,3
582,147,4
582,273,5
582,286,6
582,298,7
582,323,8
582,282,9
582,333,10
591,14,1
591,83,2
591,736,3
591,582,4
591,111,5
591,69,6
591,663,7
591,208,8
591,15,9
591,529,10
581,129,1
581,124,2
581,116,3
581,14,4
581,408,5
581,286,6
581,93,7
581,19,8
581,13,9
581,1008,10
592,300,1
592,111,2
592,156,3
592,321,4
592,879,5
592,515,6
592,310,7
592,240,8
592,676,9
592,948,10
580,117,1
580,118,2
580,742,3
580,237,4
580,245,5
580,328,6
580,678,7
580,298,8
580,685,9
580,333,10
590,7,1
590,117,2
590,1,3
590,283,4
590,129,5
590,508,6
590,121,7
590,25,8
590,471,9
590,20,10
593,215,1
593,28,2
593,294,3
593,356,4
593,202,5
593,64,6
593,151,7
593,82,8
593,132,9
593,22,10
583,174,1
583,98,2
583,50,3
583,56,4
583,168,5
583,514,6
583,172,7
583,183,8
583,474,9
583,194,10
596,748,1
596,322,2
596,245,3
596,333,4
596,302,5
596,100,6
596,237,7
596,269,8
596,301,9
596,326,10
570,300,1
570,269,2
570,313,3
570,328,4
570,333,5
570,294,6
570,327,7
570,272,8
570,323,9
570,322,10
599,15,1
599,125,2
599,742,3
599,117,4
599,323,5
599,121,6
599,258,7
599,322,8
599,118,9
599,328,10
589,748,1
589,269,2
589,302,3
589,331,4
589,245,5
589,358,6
589,750,7
589,315,8
589,260,9
589,292,10
594,275,1
594,258,2
594,300,3
594,294,4
594,1,5
594,9,6
594,285,7
594,289,8
594,283,9
594,321,10
597,258,1
597,288,2
597,257,3
597,117,4
597,100,5
597,121,6
597,245,7
597,322,8
597,222,9
597,255,10
578,328,1
578,333,2
578,50,3
578,748,4
578,181,5
578,271,6
578,302,7
578,286,8
578,332,9
578,326,10
601,1,1
601,7,2
601,423,3
601,25,4
601,596,5
601,117,6
601,95,7
601,237,8
601,240,9
601,28,10
602,258,1
602,288,2
602,323,3
602,322,4
602,245,5
602,286,6
602,328,7
602,326,8
602,333,9
602,313,10
600,68,1
600,33,2
600,849,3
600,1222,4
600,55,5
600,636,6
600,186,7
600,397,8
600,808,9
600,168,10
605,50,1
605,181,2
605,258,3
605,742,4
605,313,5
605,748,6
605,125,7
605,328,8
605,222,9
605,322,10
603,258,1
603,121,2
603,195,3
603,96,4
603,82,5
603,79,6
603,1,7
603,117,8
603,300,9
603,98,10
595,405,1
595,117,2
595,1,3
595,7,4
595,276,5
595,125,6
595,25,7
595,122,8
595,150,9
595,1011,10
606,742,1
606,597,2
606,318,3
606,276,4
606,357,5
606,9,6
606,496,7
606,274,8
606,143,9
606,109,10
608,496,1
608,135,2
608,258,3
608,12,4
608,582,5
608,651,6
608,180,7
608,192,8
608,528,9
608,485,10
607,286,1
607,14,2
607,514,3
607,285,4
607,197,5
607,50,6
607,170,7
607,283,8
607,269,9
607,127,10
610,174,1
610,300,2
610,286,3
610,258,4
610,181,5
610,69,6
610,357,7
610,132,8
610,197,9
610,22,10
611,331,1
611,258,2
611,328,3
611,327,4
611,312,5
611,271,6
611,332,7
611,310,8
611,895,9
611,316,10
617,23,1
617,603,2
617,176,3
617,514,4
617,665,5
617,187,6
617,657,7
617,474,8
617,513,9
617,551,10
618,58,1
618,732,2
618,393,3
618,402,4
618,48,5
618,357,6
618,405,7
618,451,8
618,739,9
618,742,10
614,15,1
614,111,2
614,742,3
614,125,4
614,118,5
614,50,6
614,282,7
614,471,8
614,411,9
614,284,10
609,300,1
609,286,2
609,748,3
609,323,4
609,328,5
609,269,6
609,321,7
609,289,8
609,268,9
609,678,10
615,318,1
615,258,2
615,285,3
615,98,4
615,511,5
615,313,6
615,479,7
615,174,8
615,382,9
615,340,10
616,332,1
616,690,2
616,294,3
616,310,4
616,682,5
616,271,6
616,751,7
616,340,8
616,312,9
616,354,10
620,258,1
620,413,2
620,117,3
620,472,4
620,473,5
620,405,6
620,358,7
620,402,8
620,210,9
620,559,10
571,483,1
571,168,2
571,197,3
571,100,4
571,204,5
571,50,6
571,135,7
571,134,8
571,56,9
571,514,10
619,271,1
619,748,2
619,172,3
619,230,4
619,227,5
619,38,6
619,210,7
619,7,8
619,895,9
619,228,10
613,100,1
613,286,2
613,98,3
613,174,4
613,181,5
613,56,6
613,479,7
613,9,8
613,483,9
613,7,10
622,151,1
622,186,2
622,234,3
622,393,4
622,216,5
622,576,6
622,97,7
622,732,8
622,554,9
622,265,10
621,210,1
621,403,2
621,168,3
621,294,4
621,204,5
621,288,6
621,202,7
621,56,8
621,29,9
621,550,10
604,176,1
604,219,2
604,50,3
604,447,4
604,174,5
604,436,6
604,53,7
604,96,8
604,665,9
604,559,10
624,289,1
624,1011,2
624,9,3
624,325,4
624,685,5
624,322,6
624,222,7
624,332,8
624,287,9
624,13,10
612,50,1
612,181,2
612,294,3
612,151,4
612,121,5
612,125,6
612,323,7
612,257,8
612,258,9
612,405,10
627,98,1
627,265,2
627,204,3
627,31,4
627,203,5
627,234,6
627,54,7
627,181,8
627,186,9
627,50,10
623,174,1
623,98,2
623,172,3
623,1,4
623,100,5
623,210,6
623,168,7
623,69,8
623,56,9
623,82,10
628,286,1
628,269,2
628,294,3
628,328,4
628,748,5
628,322,6
628,323,7
628,289,8
628,327,9
628,313,10
625,1,1
625,98,2
625,153,3
625,56,4
625,7,5
625,89,6
625,127,7
625,474,8
625,83,9
625,79,10
629,318,1
629,181,2
629,302,3
629,79,4
629,313,5
629,237,6
629,215,7
629,321,8
629,748,9
629,180,10
633,181,1
633,174,2
633,69,3
633,204,4
633,210,5
633,100,6
633,12,7
633,258,8
633,7,9
633,22,10
632,121,1
632,265,2
632,496,3
632,230,4
632,89,5
632,216,6
632,117,7
632,403,8
632,135,9
632,180,10
631,300,1
631,258,2
631,302,3
631,328,4
631,333,5
631,269,6
631,326,7
631,690,8
631,748,9
631,750,10
634,151,1
634,257,2
634,255,3
634,291,4
634,289,5
634,926,6
634,181,7
634,298,8
634,148,9
634,123,10
639,736,1
639,529,2
639,190,3
639,318,4
639,699,5
639,921,6
639,45,7
639,435,8
639,69,9
639,463,10
630,405,1
630,274,2
630,748,3
630,151,4
630,1028,5
630,685,6
630,284,7
630,281,8
630,591,9
630,313,10
642,781,1
642,161,2
642,196,3
642,692,4
642,763,5
642,747,6
642,1035,7
642,25,8
642,111,9
642,274,10
637,276,1
637,284,2
637,288,3
637,126,4
637,258,5
637,597,6
637,1047,7
637,222,8
637,248,9
637,298,10
640,50,1
640,100,2
640,172,3
640,7,4
640,181,5
640,273,6
640,258,7
640,288,8
640,268,9
640,24,10
626,300,1
626,326,2
626,259,3
626,322,4
626,245,5
626,873,6
626,331,7
626,690,8
626,260,9
626,271,10
643,175,1
643,64,2
643,135,3
643,191,4
643,182,5
643,180,6
643,22,7
643,265,8
643,433,9
643,188,10
598,328,1
598,302,2
598,288,3
598,271,4
598,331,5
598,294,6
598,326,7
598,272,8
598,333,9
598,332,10
638,79,1
638,56,2
638,7,3
638,568,4
638,566,5
638,69,6
638,173,7
638,1,8
638,423,9
638,231,10
635,258,1
635,288,2
635,286,3
635,289,4
635,313,5
635,245,6
635,326,7
635,322,8
635,690,9
635,340,10
644,288,1
644,245,2
644,678,3
644,286,4
644,879,5
644,358,6
644,313,7
644,742,8
644,282,9
644,295,10
636,50,1
636,286,2
636,181,3
636,294,4
636,7,5
636,288,6
636,276,7
636,117,8
636,237,9
636,151,10
645,12,1
645,238,2
645,192,3
645,204,4
645,176,5
645,100,6
645,79,7
645,187,8
645,210,9
645,603,10
648,257,1
648,100,2
648,409,3
648,476,4
648,871,5
648,450,6
648,132,7
648,515,8
648,233,9
648,135,10
647,181,1
647,50,2
647,1,3
647,172,4
647,204,5
647,210,6
647,69,7
647,195,8
647,258,9
647,168,10
650,436,1
650,448,2
650,616,3
650,28,4
650,675,5
650,405,6
650,655,7
650,300,8
650,505,9
650,167,10
651,258,1
651,300,2
651,288,3
651,313,4
651,303,5
651,328,6
651,289,7
651,340,8
651,319,9
651,321,10
654,7,1
654,125,2
654,471,3
654,202,4
654,286,5
654,191,6
654,235,7
654,127,8
654,475,9
654,9,10
653,636,1
653,568,2
653,67,3
653,218,4
653,159,5
653,173,6
653,655,7
653,29,8
653,31,9
653,554,10
655,1048,1
655,245,2
655,488,3
655,747,4
655,949,5
655,106,6
655,131,7
655,606,8
655,499,9
655,1168,10
649,294,1
649,405,2
649,237,3
649,258,4
649,288,5
649,100,6
649,118,7
649,125,8
649,742,9
649,7,10
658,174,1
658,12,2
658,64,3
658,89,4
658,124,5
658,179,6
658,183,7
658,175,8
658,180,9
658,23,10
656,315,1
656,313,2
656,690,3
656,258,4
656,310,5
656,328,6
656,311,7
656,332,8
656,331,9
656,305,10
660,258,1
660,109,2
660,588,3
660,554,4
660,451,5
660,597,6
660,69,7
660,226,8
660,751,9
660,88,10
659,132,1
659,133,2
659,435,3
659,504,4
659,194,5
659,427,6
659,238,7
659,480,8
659,485,9
659,523,10
646,326,1
646,269,2
646,302,3
646,331,4
646,333,5
646,301,6
646,879,7
646,316,8
646,322,9
646,689,10
663,293,1
663,222,2
663,298,3
663,302,4
663,325,5
663,93,6
663,460,7
663,291,8
663,24,9
663,346,10
664,216,1
664,204,2
664,238,3
664,135,4
664,423,5
664,357,6
664,211,7
664,86,8
664,170,9
664,474,10
657,100,1
657,288,2
657,268,3
657,50,4
657,276,5
657,181,6
657,333,7
657,127,8
657,748,9
657,121,10
665,174,1
665,204,2
665,118,3
665,276,4
665,25,5
665,288,6
665,64,7
665,22,8
665,318,9
665,258,10
666,9,1
666,521,2
666,528,3
666,276,4
666,1,5
666,198,6
666,156,7
666,22,8
666,705,9
666,117,10
661,98,1
661,100,2
661,56,3
661,7,4
661,234,5
661,286,6
661,176,7
661,202,8
661,127,9
661,22,10
662,221,1
662,19,2
662,14,3
662,137,4
662,116,5
662,100,6
662,287,7
662,297,8
662,124,9
662,475,10
667,286,1
667,100,2
667,174,3
667,50,4
667,258,5
667,302,6
667,127,7
667,300,8
667,64,9
667,56,10
641,286,1
641,269,2
641,302,3
641,174,4
641,100,5
641,603,6
641,480,7
641,300,8
641,474,9
641,479,10
668,313,1
668,181,2
668,315,3
668,301,4
668,748,5
668,751,6
668,750,7
668,268,8
668,310,9
668,1,10
673,690,1
673,333,2
673,748,3
673,346,4
673,332,5
673,751,6
673,316,7
673,271,8
673,289,9
673,245,10
671,230,1
671,183,2
671,227,3
671,228,4
671,229,5
671,92,6
671,403,7
671,232,8
671,127,9
671,363,10
669,100,1
669,286,2
669,272,3
669,294,4
669,135,5
669,98,6
669,185,7
669,197,8
669,288,9
669,318,10
676,333,1
676,310,2
676,340,3
676,301,4
676,898,5
676,323,6
676,307,7
676,690,8
676,678,9
676,331,10
674,258,1
674,748,2
674,237,3
674,328,4
674,100,5
674,286,6
674,322,7
674,298,8
674,7,9
674,546,10
652,258,1
652,50,2
652,181,3
652,313,4
652,322,5
652,237,6
652,1,7
652,326,8
652,127,9
652,117,10
677,258,1
677,100,2
677,328,3
677,121,4
677,50,5
677,333,6
677,181,7
677,125,8
677,147,9
677,257,10
682,739,1
682,230,2
682,90,3
682,227,4
682,402,5
682,411,6
682,636,7
682,939,8
682,588,9
682,200,10
679,79,1
679,210,2
679,98,3
679,258,4
679,96,5
679,12,6
679,7,7
679,22,8
679,195,9
679,202,10
684,69,1
684,25,2
684,405,3
684,95,4
684,71,5
684,28,6
684,423,7
684,451,8
684,174,9
684,125,10
685,258,1
685,300,2
685,268,3
685,690,4
685,326,5
685,328,6
685,301,7
685,305,8
685,682,9
685,303,10
683,326,1
683,750,2
683,310,3
683,333,4
683,751,5
683,898,6
683,343,7
683,292,8
683,689,9
683,304,10
691,174,1
691,183,2
691,172,3
691,258,4
691,181,5
691,286,6
691,69,7
691,234,8
691,423,9
691,357,10
672,1,1
672,286,2
672,100,3
672,294,4
672,121,5
672,258,6
672,117,7
672,125,8
672,151,9
672,405,10
692,237,1
692,50,2
692,111,3
692,121,4
692,181,5
692,15,6
692,117,7
692,405,8
692,276,9
692,286,10
690,82,1
690,161,2
690,403,3
690,172,4
690,50,5
690,367,6
690,568,7
690,732,8
690,181,9
690,423,10
689,294,1
689,288,2
689,100,3
689,742,4
689,546,5
689,127,6
689,276,7
689,282,8
689,25,9
689,286,10
686,69,1
686,183,2
686,423,3
686,195,4
686,655,5
686,96,6
686,210,7
686,132,8
686,196,9
686,181,10
693,182,1
693,204,2
693,82,3
693,89,4
693,203,5
693,22,6
693,237,7
693,133,8
693,496,9
693,356,10
688,300,1
688,690,2
688,331,3
688,328,4
688,258,5
688,333,6
688,313,7
688,750,8
688,323,9
688,322,10
697,258,1
697,117,2
697,100,3
697,678,4
697,597,5
697,405,6
697,322,7
697,147,8
697,313,9
697,289,10
698,197,1
698,286,2
698,484,3
698,98,4
698,474,5
698,514,6
698,136,7
698,661,8
698,79,9
698,495,10
670,172,1
670,496,2
670,197,3
670,211,4
670,50,5
670,435,6
670,69,7
670,194,8
670,498,9
670,132,10
694,136,1
694,162,2
694,478,3
694,507,4
694,633,5
694,186,6
694,79,7
694,64,8
694,234,9
694,609,10
680,181,1
680,127,2
680,237,3
680,117,4
680,275,5
680,258,6
680,174,7
680,222,8
680,475,9
680,283,10
705,204,1
705,88,2
705,294,3
705,202,4
705,125,5
705,402,6
705,465,7
705,168,8
705,739,9
705,472,10
701,258,1
701,302,2
701,301,3
701,294,4
701,288,5
701,310,6
701,347,7
701,340,8
701,748,9
701,322,10
699,125,1
699,257,2
699,25,3
699,237,4
699,515,5
699,742,6
699,408,7
699,472,8
699,123,9
699,240,10
704,483,1
704,199,2
704,482,3
704,479,4
704,511,5
704,174,6
704,705,7
704,194,8
704,357,9
704,474,10
707,514,1
707,509,2
707,709,3
707,512,4
707,306,5
707,19,6
707,213,7
707,516,8
707,20,9
707,1121,10
700,172,1
700,204,2
700,100,3
700,69,4
700,210,5
700,195,6
700,176,7
700,1,8
700,7,9
700,183,10
687,258,1
687,328,2
687,302,3
687,333,4
687,301,5
687,326,6
687,690,7
687,271,8
687,289,9
687,327,10
695,258,1
695,269,2
695,327,3
695,690,4
695,326,5
695,332,6
695,272,7
695,750,8
695,303,9
695,331,10
675,302,1
675,285,2
675,319,3
675,340,4
675,313,5
675,221,6
675,315,7
675,297,8
675,690,9
675,301,10
708,323,1
708,288,2
708,815,3
708,245,4
708,257,5
708,243,6
708,988,7
708,286,8
708,275,9
708,259,10
709,184,1
709,100,2
709,566,3
709,204,4
709,679,5
709,12,6
709,55,7
709,188,8
709,436,9
709,202,10
711,1,1
711,28,2
711,237,3
711,174,4
711,210,5
711,708,6
711,584,7
711,553,8
711,100,9
711,153,10
710,288,1
710,98,2
710,328,3
710,183,4
710,176,5
710,168,6
710,195,7
710,96,8
710,423,9
710,191,10
712,28,1
712,216,2
712,161,3
712,70,4
712,403,5
712,132,6
712,775,7
712,208,8
712,720,9
712,485,10
715,210,1
715,568,2
715,423,3
715,151,4
715,597,5
715,240,6
715,226,7
715,385,8
715,186,9
715,55,10
713,347,1
713,303,2
713,751,3
713,316,4
713,305,5
713,331,6
713,312,7
713,346,8
713,306,9
713,887,10
716,71,1
716,523,2
716,89,3
716,654,4
716,378,5
716,100,6
716,528,7
716,15,8
716,8,9
716,182,10
681,300,1
681,269,2
681,326,3
681,302,4
681,313,5
681,332,6
681,331,7
681,301,8
681,323,9
681,333,10
678,286,1
678,258,2
678,294,3
678,9,4
678,288,5
678,121,6
678,125,7
678,283,8
678,222,9
678,289,10
719,15,1
719,100,2
719,1,3
719,125,4
719,181,5
719,117,6
719,286,7
719,25,8
719,111,9
719,275,10
702,328,1
702,333,2
702,323,3
702,331,4
702,326,5
702,260,6
702,682,7
702,332,8
702,678,9
702,358,10
721,313,1
721,307,2
721,270,3
721,340,4
721,98,5
721,271,6
721,338,7
721,751,8
721,339,9
721,683,10
714,125,1
714,742,2
714,546,3
714,25,4
714,222,5
714,756,6
714,288,7
714,411,8
714,845,9
714,1047,10
717,1,1
717,323,2
717,181,3
717,257,4
717,276,5
717,332,6
717,879,7
717,127,8
717,9,9
717,273,10
718,117,1
718,294,2
718,1,3
718,237,4
718,125,5
718,748,6
718,411,7
718,1016,8
718,147,9
718,472,10
696,300,1
696,269,2
696,690,3
696,272,4
696,258,5
696,750,6
696,316,7
696,340,8
696,328,9
696,306,10
722,1,1
722,288,2
722,742,3
722,258,4
722,125,5
722,282,6
722,50,7
722,181,8
722,15,9
722,276,10
724,359,1
724,350,2
724,315,3
724,688,4
724,689,5
724,340,6
724,292,7
724,270,8
724,681,9
724,362,10
727,1228,1
727,554,2
727,391,3
727,151,4
727,4,5
727,273,6
727,288,7
727,373,8
727,97,9
727,241,10
725,328,1
725,323,2
725,289,3
725,269,4
725,326,5
725,237,6
725,678,7
725,268,8
725,302,9
725,275,10
706,300,1
706,121,2
706,748,3
706,237,4
706,328,5
706,286,6
706,282,7
706,405,8
706,276,9
706,127,10
720,303,1
720,690,2
720,340,3
720,300,4
720,301,5
720,305,6
720,750,7
720,327,8
720,344,9
720,326,10
729,258,1
729,315,2
729,682,3
729,331,4
729,750,5
729,272,6
729,326,7
729,895,8
729,323,9
729,302,10
726,111,1
726,288,2
726,121,3
726,748,4
726,258,5
726,926,6
726,405,7
726,1047,8
726,411,9
726,300,10
728,258,1
728,288,2
728,294,3
728,276,4
728,1,5
728,275,6
728,245,7
728,125,8
728,300,9
728,321,10
703,121,1
703,405,2
703,125,3
703,282,4
703,111,5
703,286,6
703,546,7
703,284,8
703,255,9
703,151,10
738,132,1
738,588,2
738,432,3
738,62,4
738,431,5
738,546,6
738,483,7
738,419,8
738,566,9
738,143,10
736,258,1
736,300,2
736,245,3
736,298,4
736,328,5
736,333,6
736,313,7
736,250,8
736,326,9
736,880,10
734,181,1
734,197,2
734,69,3
734,216,4
734,286,5
734,135,6
734,133,7
734,196,8
734,1,9
734,168,10
730,288,1
730,286,2
730,333,3
730,127,4
730,245,5
730,111,6
730,289,7
730,302,8
730,282,9
730,313,10
743,313,1
743,328,2
743,319,3
743,275,4
743,50,5
743,127,6
743,333,7
743,306,8
743,323,9
743,245,10
742,121,1
742,276,2
742,286,3
742,288,4
742,222,5
742,405,6
742,9,7
742,25,8
742,257,9
742,111,10
737,50,1
737,56,2
737,172,3
737,98,4
737,181,5
737,168,6
737,204,7
737,7,8
737,238,9
737,175,10
733,15,1
733,475,2
733,25,3
733,111,4
733,508,5
733,1048,6
733,255,7
733,1008,8
733,815,9
733,246,10
745,511,1
745,199,2
745,135,3
745,172,4
745,56,5
745,474,6
745,195,7
745,197,8
745,357,9
745,191,10
740,313,1
740,333,2
740,323,3
740,301,4
740,245,5
740,690,6
740,307,7
740,268,8
740,272,9
740,327,10
735,294,1
735,302,2
735,508,3
735,328,4
735,322,5
735,742,6
735,282,7
735,15,8
735,121,9
735,313,10
747,186,1
747,191,2
747,435,3
747,484,4
747,527,5
747,197,6
747,143,7
747,657,8
747,137,9
747,516,10
723,181,1
723,100,2
723,7,3
723,98,4
723,56,5
723,127,6
723,173,7
723,204,8
723,222,9
723,210,10
739,300,1
739,258,2
739,174,3
739,313,4
739,181,5
739,271,6
739,294,7
739,127,8
739,328,9
739,326,10
749,265,1
749,97,2
749,28,3
749,177,4
749,29,5
749,520,6
749,451,7
749,679,8
749,588,9
749,54,10
748,98,1
748,100,2
748,127,3
748,423,4
748,191,5
748,28,6
748,202,7
748,134,8
748,82,9
748,238,10
746,195,1
746,98,2
746,69,3
746,227,4
746,173,5
746,7,6
746,234,7
746,28,8
746,95,9
746,4,10
731,483,1
731,174,2
731,498,3
731,526,4
731,135,5
731,191,6
731,435,7
731,199,8
731,134,9
731,211,10
750,326,1
750,333,2
750,690,3
750,332,4
750,302,5
750,313,6
750,682,7
750,307,8
750,678,9
750,299,10
741,97,1
741,237,2
741,100,3
741,168,4
741,64,5
741,12,6
741,96,7
741,1,8
741,195,9
741,117,10
751,393,1
751,258,2
751,208,3
751,186,4
751,451,5
751,294,6
751,191,7
751,69,8
751,423,9
751,97,10
756,172,1
756,174,2
756,98,3
756,204,4
756,56,5
756,405,6
756,28,7
756,257,8
756,168,9
756,7,10
757,55,1
757,597,2
757,184,3
757,12,4
757,234,5
757,182,6
757,578,7
757,294,8
757,273,9
757,748,10
752,303,1
752,328,2
752,312,3
752,879,4
752,689,5
752,895,6
752,898,7
752,308,8
752,362,9
752,292,10
758,182,1
758,515,2
758,89,3
758,187,4
758,17,5
758,367,6
758,246,7
758,161,8
758,226,9
758,403,10
732,258,1
732,328,2
732,326,3
732,333,4
732,313,5
732,302,6
732,323,7
732,301,8
732,292,9
732,321,10
762,258,1
762,275,2
762,300,3
762,301,4
762,283,5
762,269,6
762,100,7
762,313,8
762,294,9
762,289,10
744,100,1
744,50,2
744,286,3
744,56,4
744,98,5
744,258,6
744,12,7
744,7,8
744,181,9
744,300,10
754,294,1
754,300,2
754,258,3
754,125,4
754,245,5
754,288,6
754,471,7
754,323,8
754,322,9
754,1,10
753,258,1
753,127,2
753,302,3
753,603,4
753,197,5
753,511,6
753,480,7
753,56,8
753,100,9
753,271,10
763,204,1
763,86,2
763,216,3
763,202,4
763,423,5
763,655,6
763,172,7
763,179,8
763,318,9
763,181,10
764,181,1
764,471,2
764,204,3
764,423,4
764,276,5
764,546,6
764,172,7
764,97,8
764,476,9
764,88,10
767,174,1
767,514,2
767,197,3
767,50,4
767,286,5
767,511,6
767,435,7
767,191,8
767,194,9
767,474,10
769,117,1
769,100,2
769,181,3
769,50,4
769,7,5
769,151,6
769,25,7
769,125,8
769,742,9
769,294,10
755,333,1
755,326,2
755,313,3
755,332,4
755,748,5
755,307,6
755,750,7
755,272,8
755,305,9
755,270,10
771,70,1
771,100,2
771,269,3
771,174,4
771,210,5
771,121,6
771,191,7
771,151,8
771,168,9
771,257,10
768,294,1
768,258,2
768,286,3
768,181,4
768,125,5
768,276,6
768,748,7
768,255,8
768,328,9
768,7,10
773,173,1
773,4,2
773,17,3
773,55,4
773,156,5
773,208,6
773,83,7
773,219,8
773,201,9
773,746,10
765,100,1
765,116,2
765,13,3
765,269,4
765,1,5
765,221,6
765,276,7
765,19,8
765,319,9
765,7,10
772,286,1
772,333,2
772,690,3
772,269,4
772,301,5
772,750,6
772,340,7
772,289,8
772,316,9
772,347,10
766,204,1
766,97,2
766,210,3
766,199,4
766,511,5
766,661,6
766,195,7
766,79,8
766,143,9
766,56,10
774,665,1
774,184,2
774,636,3
774,173,4
774,1,5
774,11,6
774,38,7
774,132,8
774,441,9
774,95,10
760,121,1
760,1,2
760,69,3
760,294,4
760,405,5
760,174,6
760,15,7
760,88,8
760,82,9
760,402,10
761,323,1
761,125,2
761,322,3
761,121,4
761,118,5
761,300,6
761,405,7
761,257,8
761,276,9
761,286,10
777,50,1
777,181,2
777,174,3
777,98,4
777,7,5
777,258,6
777,172,7
777,318,8
777,121,9
777,237,10
759,288,1
759,286,2
759,125,3
759,322,4
759,313,5
759,15,6
759,333,7
759,100,8
759,282,9
759,289,10
776,183,1
776,176,2
776,448,3
776,447,4
776,671,5
776,56,6
776,563,7
776,665,8
776,172,9
776,452,10
780,181,1
780,483,2
780,194,3
780,127,4
780,56,5
780,435,6
780,197,7
780,69,8
780,135,9
780,168,10
779,100,1
779,405,2
779,288,3
779,151,4
779,127,5
779,174,6
779,237,7
779,25,8
779,286,9
779,546,10
778,50,1
778,172,2
778,181,3
778,210,4
778,202,5
778,403,6
778,153,7
778,218,8
778,96,9
778,393,10
782,327,1
782,892,2
782,303,3
782,262,4
782,362,5
782,1022,6
782,1234,7
782,305,8
782,988,9
782,359,10
786,79,1
786,194,2
786,151,3
786,168,4
786,215,5
786,22,6
786,118,7
786,64,8
786,135,9
786,56,10
784,288,1
784,301,2
784,748,3
784,322,4
784,294,5
784,340,6
784,245,7
784,347,8
784,879,9
784,316,10
770,286,1
770,276,2
770,121,3
770,127,4
770,237,5
770,248,6
770,313,7
770,245,8
770,9,9
770,125,10
788,161,1
788,265,2
788,77,3
788,449,4
788,526,5
788,232,6
788,127,7
788,233,8
788,527,9
788,181,10
789,7,1
789,237,2
789,121,3
789,117,4
789,273,5
789,181,6
789,258,7
789,257,8
789,15,9
789,13,10
790,88,1
790,204,2
790,94,3
790,82,4
790,118,5
790,385,6
790,257,7
790,732,8
790,95,9
790,554,10
787,332,1
787,344,2
787,272,3
787,315,4
787,682,5
787,303,6
787,895,7
787,301,8
787,327,9
787,340,10
783,302,1
783,327,2
783,326,3
783,748,4
783,332,5
783,682,6
783,268,7
783,313,8
783,690,9
783,879,10
785,286,1
785,258,2
785,181,3
785,300,4
785,100,5
785,127,6
785,172,7
785,98,8
785,302,9
785,483,10
794,7,1
794,124,2
794,408,3
794,283,4
794,276,5
794,919,6
794,258,7
794,302,8
794,129,9
794,151,10
781,300,1
781,98,2
781,357,3
781,183,4
781,269,5
781,22,6
781,96,7
781,79,8
781,1,9
781,168,10
796,70,1
796,435,2
796,471,3
796,177,4
796,73,5
796,239,6
796,241,7
796,11,8
796,288,9
796,651,10
795,56,1
795,176,2
795,228,3
795,98,4
795,94,5
795,408,6
795,24,7
795,67,8
795,82,9
795,195,10
793,546,1
793,410,2
793,475,3
793,411,4
793,763,5
793,249,6
793,1016,7
793,1011,8
793,125,9
793,1028,10
798,739,1
798,625,2
798,25,3
798,501,4
798,99,5
798,775,6
798,812,7
798,78,8
798,294,9
798,401,10
791,258,1
791,313,2
791,326,3
791,333,4
791,690,5
791,323,6
791,307,7
791,310,8
791,272,9
791,750,10
802,50,1
802,322,2
802,181,3
802,682,4
802,551,5
802,164,6
802,243,7
802,127,8
802,271,9
802,324,10
800,258,1
800,286,2
800,288,3
800,100,4
800,237,5
800,117,6
800,323,7
800,748,8
800,245,9
800,322,10
804,117,1
804,665,2
804,484,3
804,179,4
804,214,5
804,465,6
804,101,7
804,217,8
804,258,9
804,88,10
803,258,1
803,294,2
803,328,3
803,323,4
803,326,5
803,313,6
803,301,7
803,879,8
803,302,9
803,333,10
775,340,1
775,328,2
775,303,3
775,301,4
775,332,5
775,326,6
775,316,7
775,311,8
775,346,9
775,879,10
792,117,1
792,284,2
792,1028,3
792,756,4
792,410,5
792,274,6
792,685,7
792,273,8
792,106,9
792,411,10
799,300,1
799,269,2
799,322,3
799,275,4
799,313,5
799,294,6
799,197,7
799,288,8
799,303,9
799,603,10
805,70,1
805,69,2
805,72,3
805,218,4
805,53,5
805,186,6
805,132,7
805,208,8
805,257,9
805,184,10
806,7,1
806,183,2
806,69,3
806,23,4
806,135,5
806,423,6
806,64,7
806,11,8
806,474,9
806,173,10
807,176,1
807,568,2
807,755,3
807,183,4
807,202,5
807,97,6
807,434,7
807,378,8
807,191,9
807,196,10
797,258,1
797,323,2
797,288,3
797,313,4
797,301,5
797,678,6
797,322,7
797,751,8
797,879,9
797,245,10
801,258,1
801,331,2
801,748,3
801,690,4
801,751,5
801,879,6
801,323,7
801,272,8
801,750,9
801,327,10
809,288,1
809,294,2
809,269,3
809,326,4
809,301,5
809,690,6
809,332,7
809,323,8
809,750,9
809,271,10
815,186,1
815,211,2
815,474,3
815,208,4
815,197,5
815,161,6
815,234,7
815,194,8
815,56,9
815,385,10
817,50,1
817,181,2
817,100,3
817,333,4
817,237,5
817,742,6
817,127,7
817,323,8
817,276,9
817,298,10
821,50,1
821,133,2
821,69,3
821,25,4
821,71,5
821,9,6
821,276,7
821,127,8
821,222,9
821,143,10
818,272,1
818,315,2
818,750,3
818,347,4
818,331,5
818,332,6
818,310,7
818,333,8
818,326,9
818,340,10
814,563,1
814,452,2
814,551,3
814,567,4
814,217,5
814,379,6
814,183,7
814,176,8
814,670,9
814,164,10
812,258,1
812,323,2
812,322,3
812,327,4
812,301,5
812,879,6
812,313,7
812,259,8
812,690,9
812,307,10
823,179,1
823,82,2
823,121,3
823,70,4
823,11,5
823,393,6
823,265,7
823,496,8
823,47,9
823,403,10
825,1,1
825,151,2
825,471,3
825,15,4
825,756,5
825,410,6
825,820,7
825,24,8
825,123,9
825,826,10
827,328,1
827,323,2
827,315,3
827,322,4
827,307,5
827,879,6
827,327,7
827,331,8
827,310,9
827,340,10
829,285,1
829,283,2
829,137,3
829,19,4
829,269,5
829,242,6
829,165,7
829,9,8
829,50,9
829,221,10
811,313,1
811,328,2
811,269,3
811,288,4
811,322,5
811,326,6
811,333,7
811,332,8
811,310,9
811,879,10
830,121,1
830,526,2
830,132,3
830,118,4
830,423,5
830,168,6
830,199,7
830,234,8
830,496,9
830,405,10
826,173,1
826,541,2
826,168,3
826,380,4
826,204,5
826,398,6
826,751,7
826,300,8
826,358,9
826,562,10
831,286,1
831,302,2
831,269,3
831,268,4
831,751,5
831,127,6
831,322,7
831,289,8
831,879,9
831,79,10
819,269,1
819,301,2
819,100,3
819,272,4
819,294,5
819,242,6
819,313,7
819,333,8
819,306,9
819,750,10
828,311,1
828,242,2
828,268,3
828,690,4
828,258,5
828,319,6
828,221,7
828,750,8
828,137,9
828,272,10
808,258,1
808,328,2
808,269,3
808,690,4
808,301,5
808,326,6
808,322,7
808,268,8
808,307,9
808,272,10
835,483,1
835,496,2
835,528,3
835,181,4
835,498,5
835,64,6
835,604,7
835,479,8
835,480,9
835,478,10
833,1073,1
833,171,2
833,17,3
833,210,4
833,222,5
833,228,6
833,461,7
833,231,8
833,42,9
833,693,10
836,300,1
836,197,2
836,100,3
836,98,4
836,272,5
836,340,6
836,514,7
836,313,8
836,50,9
836,303,10
816,294,1
816,748,2
816,333,3
816,751,4
816,879,5
816,245,6
816,307,7
816,682,8
816,358,9
816,302,10
838,269,1
838,151,2
838,79,3
838,294,4
838,13,5
838,195,6
838,117,7
838,483,8
838,515,9
838,197,10
839,288,1
839,282,2
839,15,3
839,9,4
839,125,5
839,591,6
839,124,7
839,294,8
839,471,9
839,25,10
840,211,1
840,427,2
840,523,3
840,482,4
840,133,5
840,485,6
840,488,7
840,604,8
840,527,9
840,318,10
832,300,1
832,333,2
832,332,3
832,358,4
832,879,5
832,289,6
832,682,7
832,271,8
832,302,9
832,327,10
810,258,1
810,748,2
810,326,3
810,322,4
810,245,5
810,332,6
810,259,7
810,302,8
810,271,9
810,327,10
844,1,1
844,96,2
844,204,3
844,98,4
844,79,5
844,202,6
844,288,7
844,183,8
844,28,9
844,127,10
843,559,1
843,187,2
843,496,3
843,22,4
843,118,5
843,523,6
843,483,7
843,484,8
843,231,9
843,568,10
834,302,1
834,328,2
834,748,3
834,301,4
834,289,5
834,1,6
834,322,7
834,508,8
834,257,9
834,121,10
846,402,1
846,399,2
846,77,3
846,62,4
846,153,5
846,582,6
846,501,7
846,416,8
846,649,9
846,553,10
837,1,1
837,100,2
837,121,3
837,117,4
837,405,5
837,255,6
837,118,7
837,742,8
837,815,9
837,50,10
813,258,1
813,328,2
813,323,3
813,748,4
813,333,5
813,331,6
813,313,7
813,322,8
813,879,9
813,288,10
842,300,1
842,690,2
842,301,3
842,750,4
842,347,5
842,286,6
842,331,7
842,327,8
842,305,9
842,332,10
847,100,1
847,423,2
847,143,3
847,132,4
847,432,5
847,69,6
847,208,7
847,418,8
847,111,9
847,15,10
848,168,1
848,211,2
848,208,3
848,98,4
848,143,5
848,705,6
848,194,7
848,482,8
848,175,9
848,659,10
822,50,1
822,258,2
822,181,3
822,173,4
822,172,5
822,222,6
822,168,7
822,271,8
822,288,9
822,210,10
852,222,1
852,294,2
852,258,3
852,748,4
852,288,5
852,455,6
852,742,7
852,298,8
852,243,9
852,24,10
851,288,1
851,294,2
851,117,3
851,300,4
851,282,5
851,546,6
851,7,7
851,763,8
851,181,9
851,222,10
849,50,1
849,181,2
849,195,3
849,96,4
849,98,5
849,1,6
849,56,7
849,405,8
849,210,9
849,79,10
854,276,1
854,181,2
854,137,3
854,248,4
854,845,5
854,284,6
854,410,7
854,546,8
854,515,9
854,298,10
850,423,1
850,135,2
850,195,3
850,194,4
850,483,5
850,1,6
850,191,7
850,183,8
850,216,9
850,197,10
858,300,1
858,258,2
858,294,3
858,322,4
858,288,5
858,326,6
858,302,7
858,328,8
858,245,9
858,748,10
853,313,1
853,269,2
853,289,3
853,268,4
853,310,5
853,260,6
853,895,7
853,751,8
853,750,9
853,343,10
855,514,1
855,116,2
855,14,3
855,61,4
855,137,5
855,190,6
855,83,7
855,100,8
855,213,9
855,971,10
824,300,1
824,258,2
824,328,3
824,269,4
824,245,5
824,326,6
824,333,7
824,313,8
824,690,9
824,988,10
845,344,1
845,347,2
845,305,3
845,315,4
845,1062,5
845,882,6
845,887,7
845,312,8
845,345,9
845,937,10
841,328,1
841,332,2
841,294,3
841,750,4
841,690,5
841,269,6
841,879,7
841,682,8
841,245,9
841,301,10
859,237,1
859,121,2
859,100,3
859,125,4
859,255,5
859,117,6
859,815,7
859,405,8
859,845,9
859,742,10
862,1,1
862,234,2
862,118,3
862,204,4
862,23,5
862,273,6
862,194,7
862,144,8
862,134,9
862,318,10
856,302,1
856,269,2
856,301,3
856,288,4
856,333,5
856,332,6
856,751,7
856,340,8
856,245,9
856,271,10
820,300,1
820,294,2
820,269,3
820,690,4
820,326,5
820,327,6
820,323,7
820,272,8
820,245,9
820,322,10
863,311,1
863,880,2
863,689,3
863,938,4
863,312,5
863,896,6
863,688,7
863,308,8
863,245,9
863,909,10
860,258,1
860,750,2
860,275,3
860,328,4
860,345,5
860,306,6
860,319,7
860,237,8
860,268,9
860,340,10
857,286,1
857,269,2
857,288,3
857,748,4
857,322,5
857,313,6
857,301,7
857,323,8
857,302,9
857,289,10
864,385,1
864,739,2
864,89,3
864,68,4
864,582,5
864,233,6
864,155,7
864,274,8
864,241,9
864,313,10
865,50,1
865,151,2
865,181,3
865,235,4
865,257,5
865,109,6
865,25,7
865,250,8
865,288,9
865,820,10
868,144,1
868,175,2
868,231,3
868,42,4
868,357,5
868,559,6
868,393,7
868,28,8
868,79,9
868,431,10
867,100,1
867,127,2
867,515,3
867,357,4
867,199,5
867,271,6
867,173,7
867,435,8
867,185,9
867,187,10
861,306,1
861,285,2
861,707,3
861,283,4
861,269,5
861,137,6
861,19,7
861,971,8
861,303,9
861,694,10
870,234,1
870,215,2
870,518,3
870,175,4
870,187,5
870,97,6
870,956,7
870,423,8
870,176,9
870,59,10
871,288,1
871,327,2
871,748,3
871,328,4
871,340,5
871,332,6
871,306,7
871,268,8
871,303,9
871,294,10
875,318,1
875,100,2
875,197,3
875,191,4
875,168,5
875,204,6
875,89,7
875,79,8
875,175,9
875,170,10
876,50,1
876,127,2
876,258,3
876,100,4
876,300,5
876,181,6
876,269,7
876,98,8
876,515,9
876,275,10
872,245,1
872,471,2
872,125,3
872,827,4
872,147,5
872,323,6
872,333,7
872,1016,8
872,411,9
872,1049,10
866,311,1
866,286,2
866,750,3
866,690,4
866,345,5
866,312,6
866,301,7
866,310,8
866,346,9
866,258,10
877,213,1
877,313,2
877,283,3
877,707,4
877,736,5
877,50,6
877,694,7
877,100,8
877,190,9
877,97,10
873,288,1
873,301,2
873,302,3
873,748,4
873,333,5
873,272,6
873,332,7
873,315,8
873,323,9
873,690,10
880,265,1
880,576,2
880,455,3
880,125,4
880,364,5
880,313,6
880,540,7
880,765,8
880,431,9
880,808,10
878,86,1
878,83,2
878,660,3
878,173,4
878,69,5
878,174,6
878,423,7
878,1,8
878,196,9
878,143,10
869,255,1
869,111,2
869,286,3
869,121,4
869,1,5
869,117,6
869,257,7
869,258,8
869,742,9
869,283,10
881,210,1
881,211,2
881,496,3
881,633,4
881,173,5
881,237,6
881,203,7
881,501,8
881,427,9
881,402,10
879,258,1
879,405,2
879,742,3
879,288,4
879,257,5
879,100,6
879,323,7
879,111,8
879,748,9
879,245,10
883,258,1
883,300,2
883,751,3
883,242,4
883,303,5
883,179,6
883,301,7
883,381,8
883,169,9
883,288,10
882,125,1
882,472,2
882,22,3
882,97,4
882,385,5
882,100,6
882,274,7
882,1028,8
882,418,9
882,127,10
884,286,1
884,283,2
884,306,3
884,242,4
884,19,5
884,137,6
884,170,7
884,319,8
884,83,9
884,10,10
886,226,1
886,210,2
886,121,3
886,77,4
886,70,5
886,461,6
886,82,7
886,684,8
886,88,9
886,31,10
885,121,1
885,202,2
885,215,3
885,168,4
885,403,5
885,66,6
885,15,7
885,732,8
885,294,9
885,191,10
889,238,1
889,198,2
889,176,3
889,111,4
889,228,5
889,222,6
889,184,7
889,367,8
889,109,9
889,201,10
874,258,1
874,269,2
874,300,3
874,50,4
874,288,5
874,237,6
874,294,7
874,181,8
874,9,9
874,301,10
892,161,1
892,474,2
892,199,3
892,211,4
892,234,5
892,205,6
892,427,7
892,520,8
892,498,9
892,651,10
890,56,1
890,82,2
890,197,3
890,191,4
890,79,5
890,199,6
890,96,7
890,419,8
890,180,9
890,511,10
893,181,1
893,546,2
893,7,3
893,742,4
893,222,5
893,282,6
893,748,7
893,685,8
893,100,9
893,111,10
887,174,1
887,15,2
887,117,3
887,820,4
887,625,5
887,546,6
887,21,7
887,237,8
887,173,9
887,133,10
891,125,1
891,1,2
891,471,3
891,276,4
891,284,5
891,815,6
891,9,7
891,255,8
891,294,9
891,275,10
894,301,1
894,251,2
894,127,3
894,896,4
894,294,5
894,882,6
894,224,7
894,6,8
894,1022,9
894,321,10
896,56,1
896,294,2
896,218,3
896,288,4
896,156,5
896,185,6
896,286,7
896,276,8
896,205,9
896,432,10
897,64,1
897,237,2
897,432,3
897,357,4
897,15,5
897,100,6
897,7,7
897,229,8
897,318,9
897,756,10
901,125,1
901,202,2
901,225,3
901,97,4
901,133,5
901,143,6
901,132,7
901,173,8
901,755,9
901,25,10
899,56,1
899,100,2
899,210,3
899,405,4
899,97,5
899,22,6
899,82,7
899,70,8
899,7,9
899,196,10
903,174,1
903,124,2
903,117,3
903,237,4
903,69,5
903,508,6
903,93,7
903,150,8
903,172,9
903,195,10
904,70,1
904,283,2
904,294,3
904,15,4
904,313,5
904,258,6
904,286,7
904,692,8
904,125,9
904,1,10
907,276,1
907,300,2
907,9,3
907,280,4
907,255,5
907,845,6
907,328,7
907,69,8
907,323,9
907,222,10
905,288,1
905,286,2
905,276,3
905,289,4
905,50,5
905,1,6
905,269,7
905,323,8
905,181,9
905,127,10
902,286,1
902,269,2
902,100,3
902,288,4
902,222,5
902,174,6
902,748,7
902,313,8
902,117,9
902,323,10
898,269,1
898,294,2
898,690,3
898,333,4
898,301,5
898,326,6
898,331,7
898,340,8
898,323,9
898,750,10
895,258,1
895,300,2
895,286,3
895,288,4
895,121,5
895,257,6
895,7,7
895,313,8
895,237,9
895,323,10
906,1,1
906,288,2
906,275,3
906,258,4
906,294,5
906,14,6
906,25,7
906,591,8
906,282,9
906,127,10
900,127,1
900,7,2
900,1,3
900,276,4
900,50,5
900,151,6
900,15,7
900,181,8
900,515,9
900,98,10
908,286,1
908,168,2
908,134,3
908,23,4
908,474,5
908,180,6
908,135,7
908,176,8
908,191,9
908,514,10
916,129,1
916,403,2
916,469,3
916,184,4
916,191,5
916,658,6
916,240,7
916,742,8
916,200,9
916,518,10
911,50,1
911,135,2
911,132,3
911,133,4
911,181,5
911,197,6
911,95,7
911,69,8
911,705,9
911,71,10
912,135,1
912,98,2
912,514,3
912,134,4
912,603,5
912,435,6
912,211,7
912,50,8
912,69,9
912,480,10
914,1053,1
914,660,2
914,402,3
914,86,4
914,747,5
914,66,6
914,70,7
914,794,8
914,553,9
914,716,10
918,191,1
918,52,2
918,512,3
918,483,4
918,736,5
918,699,6
918,14,7
918,212,8
918,516,9
918,513,10
919,127,1
919,269,2
919,121,3
919,873,4
919,845,5
919,123,6
919,476,7
919,13,8
919,744,9
919,405,10
921,118,1
921,117,2
921,95,3
921,756,4
921,393,5
921,588,6
921,546,7
921,204,8
921,748,9
921,597,10
910,294,1
910,258,2
910,7,3
910,328,4
910,546,5
910,276,6
910,471,7
910,15,8
910,323,9
910,79,10
913,258,1
913,286,2
913,135,3
913,182,4
913,197,5
913,121,6
913,194,7
913,23,8
913,294,9
913,153,10
915,269,1
915,690,2
915,272,3
915,340,4
915,347,5
915,326,6
915,303,7
915,331,8
915,332,9
915,327,10
922,121,1
922,393,2
922,405,3
922,423,4
922,96,5
922,118,6
922,559,7
922,79,8
922,7,9
922,88,10
923,7,1
923,597,2
923,147,3
923,748,4
923,298,5
923,118,6
923,258,7
923,1016,8
923,471,9
923,240,10
928,258,1
928,50,2
928,286,3
928,181,4
928,300,5
928,100,6
928,294,7
928,302,8
928,313,9
928,1,10
927,181,1
927,117,2
927,50,3
927,161,4
927,88,5
927,172,6
927,151,7
927,946,8
927,597,9
927,202,10
924,98,1
924,483,2
924,79,3
924,22,4
924,357,5
924,204,6
924,69,7
924,183,8
924,135,9
924,191,10
929,56,1
929,183,2
929,181,3
929,79,4
929,176,5
929,180,6
929,357,7
929,96,8
929,168,9
929,69,10
931,301,1
931,294,2
931,748,3
931,315,4
931,328,5
931,311,6
931,288,7
931,340,8
931,322,9
931,307,10
917,294,1
917,258,2
917,117,3
917,288,4
917,286,5
917,111,6
917,300,7
917,125,8
917,15,9
917,181,10
932,132,1
932,152,2
932,186,3
932,492,4
932,79,5
932,604,6
932,630,7
932,419,8
932,187,9
932,50,10
909,306,1
909,269,2
909,242,3
909,319,4
909,285,5
909,283,6
909,321,7
909,258,8
909,19,9
909,303,10
934,485,1
934,496,2
934,523,3
934,238,4
934,98,5
934,739,6
934,143,7
934,194,8
934,631,9
934,659,10
933,68,1
933,423,2
933,208,3
933,188,4
933,655,5
933,566,6
933,2,7
933,431,8
933,217,9
933,386,10
935,294,1
935,111,2
935,50,3
935,276,4
935,25,5
935,591,6
935,7,7
935,222,8
935,258,9
935,756,10
938,294,1
938,282,2
938,274,3
938,147,4
938,322,5
938,628,6
938,123,7
938,924,8
938,249,9
938,278,10
940,288,1
940,197,2
940,127,3
940,275,4
940,318,5
940,1,6
940,483,7
940,210,8
940,340,9
940,268,10
888,216,1
888,70,2
888,50,3
888,275,4
888,174,5
888,1,6
888,276,7
888,204,8
888,13,9
888,318,10
925,258,1
925,294,2
925,358,3
925,7,4
925,234,5
925,551,6
925,50,7
925,326,8
925,53,9
925,268,10
942,286,1
942,294,2
942,199,3
942,483,4
942,181,5
942,603,6
942,751,7
942,127,8
942,132,9
942,194,10
937,269,1
937,319,2
937,1,3
937,276,4
937,289,5
937,13,6
937,475,7
937,127,8
937,7,9
937,302,10
926,268,1
926,301,2
926,328,3
926,333,4
926,690,5
926,100,6
926,327,7
926,245,8
926,326,9
926,748,10
943,82,1
943,550,2
943,265,3
943,234,4
943,183,5
943,118,6
943,7,7
943,4,8
943,176,9
943,1,10
939,117,1
939,294,2
939,1,3
939,323,4
939,125,5
939,748,6
939,181,7
939,245,8
939,111,9
939,815,10
936,255,1
936,288,2
936,293,3
936,458,4
936,297,5
936,302,6
936,1012,7
936,150,8
936,283,9
936,1137,10
930,7,1
930,181,2
930,276,3
930,111,4
930,9,5
930,15,6
930,127,7
930,25,8
930,13,9
930,222,10
920,690,1
920,326,2
920,269,3
920,315,4
920,750,5
920,271,6
920,322,7
920,327,8
920,895,9
920,879,10
941,50,1
941,100,2
941,1,3
941,288,4
941,121,5
941,250,6
941,405,7
941,151,8
941,276,9
941,127,10
